target,audspecRasta_lengthL1norm_sma_upleveltime25,pcm_fftMag_psySharpness_sma_leftctime,mfcc_sma[5]_upleveltime75,mfcc_sma[10]_percentile1.0,mfcc_sma[12]_skewness,pcm_fftMag_fband1000-4000_sma_de_quartile2,audSpec_Rfilt_sma[12]_peakMeanRel,audSpec_Rfilt_sma[22]_meanFallingSlope,pcm_fftMag_spectralSlope_sma_qregc3,mfcc_sma[5]_qregc2,audSpec_Rfilt_sma_de[5]_peakDistStddev,audSpec_Rfilt_sma_de[11]_peakMeanRel,audSpec_Rfilt_sma_de[20]_stddevFallingSlope,mfcc_sma_de[2]_meanFallingSlope,mfcc_sma_de[5]_minRangeRel
1,0.01826869,0.502809,0.04407636,-24.769245,-0.16369674,-2.87E-05,2.5220213,10.113327,0.89564615,0.008029014,0.66753095,-19.999996,10.314767,77.34512,0.6182272
1,0.025264738,0.5057941,0.073768444,-7.2191567,-1.1986365,-8.42E-08,2.0194046,9.84616,0.91664183,-0.00174794,0.9492908,-20,6.990242,50.075363,0.53781027
1,0.13481887,0.5080274,0.006221227,-24.941284,-0.2007071,-2.19E-06,1.7366333,10.619315,0.96975493,-0.0018438,0.1660751,20,12.461939,61.597393,0.54442847
1,0.13350785,0.49617553,0.25130785,-29.303087,-0.4567708,-1.98E-07,2.2516875,9.5250435,0.89264333,-0.00366233,0.49065304,20,5.313199,90.999405,0.4816809
1,0.012712942,0.5011439,0.25679797,-21.340378,0.08970345,-3.21E-07,1.6931412,8.62191,0.99008334,0.002474297,0.2480778,20,10.04413,57.191452,0.59188
1,0.06942304,0.5042794,0.17123054,-26.593328,-0.4314085,-6.39E-07,1.9056966,7.518155,0.98667103,0.001674614,1.859357,-20,6.2268558,58.149902,0.6955252
1,0.049934298,0.5109777,0.40967923,-27.93848,-0.5418219,-7.18E-07,1.8895677,10.518127,0.9915989,-0.003143449,0.8176625,20,9.585235,72.80066,0.5494192
1,0.06896552,0.5133618,0.032059845,-39.6053,0.61417264,-2.96E-06,2.5456574,15.454815,0.9965071,-0.001247595,1.1792022,20,15.415326,75.623566,0.5380846
1,0.077651754,0.5080374,0.03812134,-22.250381,-0.40372413,-3.71E-07,2.5807295,10.73921,0.95829386,0.003587408,1.0510887,20,8.970074,71.72894,0.61986566
1,0.058534145,0.5102959,0.012753189,-27.047626,-0.27617964,-1.33E-07,1.6828994,9.054739,0.98627454,-0.001221495,3.0347967,-20,5.5307374,69.50209,0.49253413
1,0.0044,0.50339866,0.026578737,-15.362146,0.07002962,-3.15E-07,1.8516583,15.057217,0.9829392,-0.005792903,0.85065013,20,9.972653,58.2919,0.6214729
1,0.014610389,0.49772874,0.39559016,-11.9861,-0.38162965,-3.94E-08,1.729371,4.274045,0.93163395,0.003021499,0.24509001,-20,13.372168,55.957817,0.63262063
1,0.0373706,0.50300145,0.08588576,-18.998804,-0.43584463,-8.93E-06,1.8682622,11.45532,0.9515471,0.002453795,4.2145452,-20,8.26277,57.73493,0.63416064
1,0.023418548,0.5021455,0.2945346,-30.114307,-0.15949364,-2.71E-06,3.2805035,19.025475,0.9735943,0.000932932,1.5776691,20,22.44858,79.74142,0.65937847
1,0.08771784,0.49954146,0.34641993,-24.836767,-0.20364742,-1.62E-06,2.5793524,5.0027814,0.9880922,0.001673353,1.5679982,-20,5.6479,66.43622,0.6774625
1,0.022365246,0.51214415,0.006753497,-29.619074,-0.6496361,-5.31E-07,2.4076815,15.589696,0.9907975,-0.001117283,1.4654971,-20,32.74267,62.29074,0.43220526
1,0.013571249,0.5046471,0.24704996,-22.54427,-0.30280378,-4.88E-07,2.5186522,11.77799,0.96588564,0.004185287,1.5666897,-20,21.717865,72.49481,0.6071472
1,0.34538496,0.5155121,0.18726115,-29.657553,-0.3672976,-1.01E-06,2.0602117,15.067056,0.8698349,-0.02306031,0.44355595,-19.99998,10.146093,92.16734,0.5595237
1,0.057366796,0.50295955,0.015837293,-20.645054,-1.2759601,-6.05E-08,1.808427,7.9166045,0.96895266,0.000147057,4.2131977,-20,7.2461357,62.080627,0.61270887
1,0.08269441,0.5047445,0.07825611,-25.161356,-0.810808,-6.52E-06,2.2558196,7.5163035,1.0197618,-0.001710331,1.2513127,-20,6.192349,75.16115,0.51503086
1,0.0734685,0.50664634,0.0224352,-30.435793,-0.53955275,-7.50E-06,2.3186467,16.375208,0.8838498,-0.000411497,0.9844062,20,13.707655,90.05822,0.6664435
1,0.12655166,0.5151451,0.06771819,-28.445091,-0.4314523,-1.27E-06,1.9353052,14.21742,0.98172003,0.002668938,0.32427424,-20,10.754324,91.389786,0.6343071
1,0.15885417,0.49839777,0.31487787,-29.858404,-0.15684643,-3.84E-06,2.4032652,14.513621,0.9669222,0.000233931,0.5529732,-20,9.517649,82.69713,0.67684686
1,0.020587718,0.50184727,0.039138082,-31.086903,-0.10007762,-1.92E-08,2.380125,13.90276,0.99480814,0.000236075,1.3154981,-20,11.817618,61.293953,0.5092146
1,0.003222342,0.5190036,0.22644344,-26.648182,-0.64090806,-4.60E-09,2.0740845,3.435665,0.99673045,0.00792361,1.7441276,20,22.389122,58.77952,0.5974604
1,0.2692475,0.5071739,0.041938286,-28.668297,0.47422197,-1.03E-07,2.3085809,6.9677587,0.98384833,-0.003152584,0.49397284,-20,3.4491243,77.357445,0.6508544
1,0.002033111,0.5065331,0.45079827,-36.119316,-0.5255019,-1.72E-05,8.166171,12.620836,0.95665413,0.003648182,4.9599895,-20,20.54118,56.598293,0.62337124
1,0.99244875,0.5199497,0.026051024,-28.952328,-0.65184736,-5.07E-06,1.7586012,12.143934,0.96825933,0.007230122,0.2834794,-19.999897,10.780561,59.22016,0.553401
1,0.20800431,0.49802655,0.036226686,-25.180847,-0.3385235,-1.02E-06,2.443108,12.673111,0.9399211,-0.002712185,0.3757147,20,6.109301,113.26539,0.6550991
1,0.2112577,0.5178477,0.09386536,-36.974525,-0.6394722,-6.50E-06,2.413346,11.090933,0.8810827,0.006208538,0.95941114,20,11.248631,80.18481,0.5872097
1,0.07867036,0.5016611,0.027670171,-38.115433,-0.3676738,-1.01E-07,2.3166177,10.672069,0.95176727,-0.001182557,0.5439454,-20,8.68831,62.239094,0.48775336
1,0.16651404,0.5022887,0.21110433,-25.34171,-0.18502271,-3.69E-06,2.2619057,8.373853,0.9419894,0.007978892,0.89830834,-20,6.753096,96.4719,0.57668227
1,0.04172057,0.5072214,0.0950431,-21.354397,0.13375027,-1.45E-06,2.4299393,13.021077,0.95499766,0.005756709,0.882885,20,12.313023,75.12418,0.63824683
1,0.3968254,0.4949513,0.068312906,-34.554886,0.004742405,-1.69E-05,2.0752587,11.238968,0.9838241,0.001396254,0.7370594,20,9.138111,94.832886,0.6880355
1,0.03557781,0.5024371,0.020018438,-33.077,-0.051937096,-9.17E-07,2.6991982,14.026076,0.9535794,-0.002187135,0.78141373,-20,8.083613,73.30784,0.5954358
1,0.10118939,0.5108855,0.023321748,-31.990742,-0.39242542,-2.89E-06,2.249296,22.932041,0.96895194,0.002779377,0.498104,20,25.611876,88.1827,0.6311499
1,0.21706477,0.50036925,0.011444746,-29.177456,-0.4137006,-1.41E-06,2.5056174,12.832188,0.96359205,-0.000163726,0.74135625,-20,10.131505,69.31738,0.53725773
1,0.17222123,0.5099946,0.015661566,-35.145763,-0.40197256,-1.22E-05,1.956349,9.782241,0.89397264,0.000592679,0.3719639,-20,9.410529,72.16867,0.7010455
1,0.20221402,0.5030743,0.14900418,-41.351273,-0.36630255,-2.78E-06,2.470307,13.092467,0.9129988,-0.00031035,0.5686933,20,12.566382,85.20591,0.63299084
1,0.003039052,0.511317,0.4501139,-30.83992,-0.58320713,-3.33E-07,2.2378085,9.263922,0.9958185,-0.001660968,1.1715078,20,19.070152,59.9881,0.6919639
1,0.15347019,0.51749074,0.123266265,-25.67802,-0.41926536,-1.09E-06,2.0715134,15.289094,0.91874355,0.00176175,0.82387334,-20,7.6952624,81.58426,0.67404556
1,0.00392787,0.49705514,0.02765388,-40.96655,-0.13597019,-2.29E-06,10.696411,16.636158,0.9440255,0.006558024,10.996979,-20,58.58744,74.19635,0.67390597
1,0.07735426,0.4947696,0.1932271,-30.106815,0.10102908,-2.52E-07,2.815345,11.963453,0.94942176,0.00244463,1.5073965,-20,6.150275,68.44022,0.60019994
1,0.003280091,0.52409464,0.027223488,-34.84041,-0.20986077,-1.03E-06,2.3164473,16.221548,0.9864192,-0.003050648,1.6350015,20,22.312567,67.97174,0.58554196
1,0.23068893,0.5006954,0.08373871,-23.741566,-0.37129775,-2.02E-05,1.8221908,8.102211,0.95321167,0.010349818,0.3917783,19.976776,6.6282415,71.03346,0.65671027
1,0.001019022,0.50758433,0.01641014,-19.178547,-0.0759707,-4.04E-07,19.160261,0.75007445,0.9868319,0.001507664,0.049999997,20,99.24,59.361286,0.6731036
1,0.10387469,0.49986267,0.30194893,-33.742714,-0.47545743,-1.04E-06,3.125444,15.864707,0.98536223,-0.005638612,0.43674648,-20,20.801155,113.625,0.7436525
1,0.11946989,0.5084746,0.16533592,-28.113712,-0.70023596,-3.35E-06,1.8688875,11.981359,0.9355071,0.008749946,1.9650234,-19.999989,8.130483,60.902523,0.618399
1,0.001764446,0.500838,0.005732428,-23.278671,-0.85147357,-8.46E-09,4.0376806,17.757084,0.97705734,0.001116348,3.7295141,-20,37.781128,71.38264,0.6216942
1,0.15575808,0.5045542,0.0982069,-24.70334,-0.36536726,-2.22E-07,2.629854,29.585655,0.91341734,0.002749866,0.59761655,20,21.028788,100.29003,0.5964423
1,0.091075234,0.5068521,0.017050644,-28.470123,-1.4794682,-1.76E-07,2.5065684,12.514821,0.95080334,0.00116383,2.7056758,-20,9.689312,55.330627,0.59254664
1,0.14419852,0.49184358,0.04042886,-20.752476,-0.06770457,-1.39E-07,2.3607187,13.943031,0.97895944,0.003628229,0.40777153,-20,10.269652,94.76791,0.6906138
1,0.15895732,0.506258,0.109012,-22.541195,-0.770808,-1.69E-08,1.5367404,3.792507,0.9149215,0.002907526,0.813666,-20,5.80675,58.766388,0.6454841
1,0.79278034,0.5102887,0.16548972,-30.19217,-1.2762332,-6.23E-08,2.1478739,21.951618,0.95120597,0.000702405,1.3050071,-20,7.734695,68.33655,0.6178659
1,0.011673477,0.5015423,0.014253563,-19.951473,-0.30348238,-4.84E-07,2.2665772,12.837963,1.0019575,-0.00100551,3.6632373,-20,13.494106,56.744415,0.64795154
1,0.1563412,0.5123802,0.058597982,-25.625687,-0.41738647,-5.11E-08,1.4984442,5.7958484,0.9455039,0.001490542,0.5481597,20,6.526527,61.783436,0.5980698
1,0.16558704,0.5103197,0.017192557,-36.92253,0.08745933,-9.36E-05,2.50139,11.654469,0.91885805,-0.003029961,0.39354372,-20,19.609339,94.78593,0.5780865
1,0.13398008,0.5040629,0.10927673,-36.072662,0.39990664,-1.39E-06,2.1432884,15.443136,0.9739896,-0.001286522,0.8400855,20,11.714919,74.04468,0.6243497
1,0.05328108,0.5057107,0.06643327,-28.955599,1.2825719,-4.46E-07,2.0437362,12.136775,0.9672721,-0.000674002,0.9239175,-20,7.233959,52.358997,0.65916085
1,0.055634994,0.5108512,0.04534234,-29.300255,-0.060633563,3.73E-09,2.4323685,6.749515,0.9935846,0.004161006,1.7667984,-20,5.3157797,66.17509,0.63646036
1,0.04426693,0.50424224,0.007816398,-23.389399,0.1293175,-9.66E-08,2.0229893,9.685241,0.9873066,0.001731806,1.1143405,-20,8.613901,67.96838,0.60722876
1,0.08151184,0.50655615,0.023124544,-33.699966,0.16111355,-9.15E-07,2.2958322,14.56223,0.99688596,-0.001437695,1.279854,20,13.991801,70.88447,0.5858456
1,0.003694231,0.5032661,0.12801589,-35.39496,0.76253396,-1.23E-06,3.674731,43.487244,0.90615654,0.01366226,2.69362,20,74.892525,81.28693,0.5792777
1,0.050670855,0.49928653,0.04122682,-34.674515,0.06355671,-1.30E-06,2.7133324,15.8824415,0.90912306,0.001769,0.98496646,20,11.10369,74.55587,0.6060749
1,0.014131338,0.49529085,0.09498754,-24.335718,0.033282503,-3.52E-06,2.631173,18.220343,0.92908776,0.003241096,0.5830714,-20,18.581654,94.7976,0.5860779
1,0.2129995,0.5018001,0.25569838,-30.03821,-0.5344704,-2.28E-06,1.9715577,12.613618,0.9469216,-0.001908008,1.0774637,20,7.4989314,74.07981,0.611449
1,0.001417494,0.5081284,0.015087105,-27.35829,0.017802395,-1.21E-08,2.2360985,11.567127,0.9828883,0.000829352,6.482461,20,14.132657,57.613564,0.60296
1,0.03727174,0.5113797,0.21738768,-38.025967,-1.0669957,-1.32E-07,2.4064736,7.8481126,0.9353915,0.002667314,2.4956775,20,9.29745,57.05285,0.623314
1,0.044378147,0.50121176,0.32460392,-17.796066,-0.12511475,-1.28E-06,1.9459236,15.654514,0.98962194,-0.003492064,0.9628615,-20,13.21525,68.22737,0.6185639
1,0.13065077,0.5136544,0.2878412,-31.957756,0.06332011,-2.24E-07,2.2006464,13.39212,0.94233394,0.005762822,1.1635249,20,9.54024,79.43355,0.64527583
1,0.080311514,0.49963513,0.056406517,-23.351587,-0.24964276,-3.90E-08,2.2172174,7.1088395,0.99274504,-0.003820605,1.1240215,-20,4.933351,66.114914,0.47756574
1,0.36450884,0.49303988,0.020496428,-17.26196,-0.05541698,-2.00E-06,1.8769091,9.025831,0.93548113,-0.000465297,0.626243,-20,6.566175,83.78669,0.6883257
1,0.032478817,0.50228065,0.0577633,-26.507027,0.4010565,-7.67E-06,3.1035166,10.474415,0.9924173,0.000216147,0.91964734,19.999155,20.239193,65.302,0.6484613
1,0.089749575,0.51842636,0.048655372,-28.711027,-0.4383722,-6.71E-06,2.1341136,13.528076,0.9351894,0.001623874,0.53603494,-20,11.345709,71.36633,0.6202182
1,0.41678563,0.5157015,0.043017328,-18.713142,0.2995252,-5.84E-06,1.6671095,12.407147,0.99099666,0.000518522,0.6429651,-20,9.380241,60.633244,0.7109158
1,0.17655367,0.50388145,0.079689704,-25.022493,-0.3132943,-3.35E-06,2.2769456,13.580856,0.9531021,0.00279057,0.3859583,-20,5.9514256,75.283325,0.62431574
1,0.027766196,0.5131305,0.004834542,-10.785822,-0.032313857,-2.18E-07,2.4602168,6.7338915,0.89960045,0.000794006,1.5803245,-20,6.1326375,49.51982,0.60772175
1,0.06512634,0.5119546,0.05131668,-24.698812,0.20406647,-4.01E-07,1.587517,15.314704,0.99153745,0.001935185,0.39016345,19.986277,7.4274282,59.60558,0.67139554
1,0.23502825,0.50903445,0.07336343,-25.576939,-0.20034543,-2.39E-07,2.0037344,11.424451,0.9553051,-0.009738809,0.32789725,20,9.736042,74.943,0.5085936
1,0.05626168,0.51158446,0.015128875,-30.635254,-0.36265552,-1.70E-06,2.299206,8.280702,0.9314378,0.008610707,1.0083479,-20,7.9465275,74.52701,0.62234664
1,0.09488821,0.5091825,0.006400168,-30.053581,-1.0267117,-3.88E-07,1.9971083,9.684684,0.9851596,0.002149385,0.9581885,-20,8.320504,66.07571,0.60266304
1,0.020336943,0.5040905,0.070964634,-28.511343,-0.20545061,-2.60E-06,2.4334068,9.98952,0.92445153,0.000226105,0.55348796,20,19.087543,71.14631,0.5679622
1,0.055308327,0.50186145,0.017884703,-25.221405,-0.19220717,-2.26E-06,2.3320522,16.24942,0.9805598,7.84E-05,1.7288836,-20,11.351446,69.08305,0.5702227
1,0.001804783,0.4925575,0.30527583,-28.344147,-0.3825241,-1.74E-06,3.2778203,24.761095,0.93914884,-0.001528868,1.9231148,-20,27.57304,93.23984,0.611842
1,0.17944536,0.49388504,0.30684596,-26.485416,-0.22320728,-5.31E-06,2.0076437,6.919736,0.9753914,-0.001229294,1.001542,-20,6.695245,78.95166,0.6023344
1,0.038772617,0.50370985,0.26998416,-29.77412,-0.9977239,-1.62E-07,2.4233081,10.456554,0.9798212,0.001057399,2.621493,-20,16.369276,63.354923,0.652784
1,0.14181393,0.51379764,0.014596409,-39.866158,-0.6832741,-1.51E-07,1.9763943,5.1065636,0.93049985,0.001681412,1.5976961,-20,4.7829304,66.70992,0.644345
1,0.054633904,0.5064222,0.001620746,-22.783451,-0.38477466,-1.38E-06,2.023441,13.333814,0.9850168,-0.003181726,1.7948785,20,15.885826,59.63826,0.61547625
1,0.12486815,0.4994727,0.16236162,-25.117285,-0.7364101,-2.92E-07,2.201294,7.6242647,0.98361987,-0.002667598,1.4523816,20,4.491649,66.00263,0.6325686
1,0.111259796,0.50936544,0.020733805,-34.30784,-0.6373184,-1.87E-05,2.1534915,8.808078,0.9503683,-0.002211105,1.541972,-20,14.503485,65.28688,0.574225
1,0.06737503,0.5030171,0.04583836,-40.14427,-0.4810985,-6.04E-06,2.5522997,18.686,0.97593755,-0.00271405,0.7831662,20,9.767766,77.95237,0.48218396
1,0.001224808,0.503284,0.14479688,-27.99709,-0.49019203,-2.00E-07,15.378437,14.801125,0.95768046,0.002776295,0.049999997,20,157.89423,59.181885,0.6077337
1,0.21026695,0.49692118,0.08432499,-36.30986,-0.28161895,-2.33E-06,2.4238207,8.295076,0.9147109,0.009384315,0.4405755,20,7.9832616,88.56896,0.6085111
1,0.055077218,0.50744635,0.027045486,-31.163334,0.46692407,-6.60E-07,1.9472365,7.856404,0.967757,0.001860427,0.85256827,-20,6.8286757,57.85954,0.60996413
1,0.031363733,0.49614727,0.0407661,-33.1291,0.79136366,-2.36E-06,3.486799,24.210636,0.90346104,-0.001561916,0.87592536,-20,26.131964,92.14614,0.573967
1,0.118654825,0.5022201,0.004755866,-20.474815,-0.87481725,-9.20E-08,1.8043112,9.879137,0.99257386,0.001424449,0.7949103,19.999882,10.501502,60.160908,0.6613763
1,0.24947336,0.50120336,0.08706767,-29.90327,-0.59905994,-1.26E-06,1.5852585,4.8674946,0.9566828,0.004921336,0.65639067,20,4.6912165,61.108078,0.6588974
1,0.10414671,0.50280476,0.08480372,-34.36782,-0.29866624,-3.77E-05,2.0295749,14.460354,0.9398037,0.006260541,1.8542472,-20,8.144957,63.24732,0.5994115
1,0.00136612,0.5092564,0.439017,-42.663185,-0.951134,-2.45E-07,18.629852,1.4745272,1.0028319,-0.005349343,25.090038,-20,167.64726,65.39122,0.6118054
1,0.04784689,0.5167412,0.24001233,-18.76821,-0.5333125,-1.69E-07,2.117301,3.6723228,0.9934205,0.001555957,0.89569104,-20,5.567773,66.664795,0.7201772
1,0.007579859,0.50748694,0.01154193,-38.370377,-0.76986957,-3.31E-07,3.0428586,21.19216,0.9690212,-0.000352806,1.5020479,20,49.806595,77.78156,0.7204028
1,0.040412124,0.51075107,0.16728327,-27.385473,-0.1071406,-3.09E-07,2.015219,5.9525023,0.977318,0.001449411,1.6095942,-20,6.7286487,57.59326,0.6753744
1,0.016711514,0.5061588,0.05534324,-41.682594,0.08721318,-2.16E-06,2.962111,15.101625,0.9829871,-0.001064487,2.576695,20,13.42156,67.28034,0.7077749
1,0.06986699,0.5089409,0.043239113,-33.794205,-1.3473892,-2.89E-06,2.9915283,10.210233,0.97380537,0.002894393,1.0588783,19.999992,7.4468026,76.83515,0.6690604
1,0.017407047,0.50772655,0.009742519,-21.456816,-0.224319,-5.03E-06,2.2010357,11.405896,0.9619668,0.001534113,1.3595586,-20,10.354218,57.86075,0.7101917
1,0.04602217,0.5021742,0.25648576,-33.95428,0.12579648,-3.22E-06,2.4315622,6.716427,0.9778628,0.004027371,1.9019756,-20,5.778675,62.319126,0.69437236
1,0.012545278,0.508789,0.4310695,-22.461517,-0.453718,-9.39E-08,1.8531315,6.7071753,0.99641156,0.001618962,1.993573,-20,7.9722867,53.757122,0.7420357
1,0.011756858,0.50537723,0.015753938,-22.386614,0.98925453,-3.66E-07,2.672658,16.573864,0.93301034,-0.000497886,0.9958804,-20,10.759922,69.364296,0.48651552
1,0.005952381,0.5098156,0.04726516,-31.818031,-0.50825155,-1.49E-05,3.9046237,12.958974,0.914257,0.002564023,1.7297736,-20,7.928541,71.79593,0.6299301
1,0.070162274,0.5031417,0.37524614,-26.928743,0.7083205,-5.49E-08,2.6564856,12.452821,0.99374074,0.00184322,0.6384293,-20,7.1263843,70.758385,0.67012316
1,0.08212928,0.5145203,0.032223742,-32.51156,-0.5019589,-7.11E-06,2.379489,21.912306,0.9579135,0.001158612,1.2242008,20,21.229525,78.385315,0.58419126
1,0.18691155,0.5121123,0.00724973,-19.9713,-0.3670371,-3.40E-06,2.3363266,12.966301,0.98654544,-0.002209854,0.659561,20,12.385938,75.969284,0.62501967
1,0.07627829,0.50377077,0.013067516,-27.076054,-0.47891238,-9.81E-07,1.775177,6.9161396,0.972282,-0.002422761,1.6426458,20,5.649869,66.69852,0.5806064
1,0.007111111,0.50577575,0.015278025,-31.851133,0.06311608,-2.69E-05,3.4756513,19.143015,0.9411688,0.004671689,4.3201184,20,31.255892,89.913185,0.67568886
1,0.004415761,0.5047522,0.33378562,-22.501328,-0.44804984,-4.64E-10,5.530407,9.942883,0.9117674,-0.009766517,1.4000202,20,26.52863,56.81832,0.6367081
1,0.27596524,0.494374,0.021500783,-25.954693,0.6873038,-4.48E-06,2.4056342,10.872245,0.94260406,0.001559453,0.4460872,-20,6.592144,104.64473,0.5816039
1,0.16455202,0.49717075,0.2757948,-33.13777,0.16174972,-3.09E-06,2.9830036,15.159021,0.9640994,0.010343117,1.5760717,20,9.285353,80.44437,0.55944836
1,0.035187192,0.50487703,0.00458448,-24.537767,-0.22194116,-2.49E-06,2.1092668,14.2947035,0.9714299,0.000838748,0.5111362,20,9.935388,63.44234,0.5427911
1,0.064440414,0.51317334,0.003732537,-46.442375,-0.67525655,-4.40E-07,2.4357705,12.297272,0.96392184,-0.000314166,1.2649158,20,10.617639,73.95938,0.619116
1,0.17119631,0.5046094,0.003638128,-19.281042,-0.49068338,-3.16E-07,1.5491868,10.565736,0.9818668,-0.000744723,0.9932755,-20,8.047449,54.938705,0.5946575
1,0.002753809,0.49935767,0.025866814,-24.052784,0.031733364,-9.48E-08,1.9914018,14.092064,0.99020195,-0.005292889,0.8482121,-20,21.221527,62.187035,0.53196615
1,0.22359155,0.52032,0.2234485,-24.74635,-0.56185406,-5.31E-06,1.8796378,8.945514,0.99049884,0.002185061,0.74148786,20,5.4847136,68.11246,0.54311347
1,0.020279167,0.5032912,0.18241642,-27.837452,0.12872025,-1.35E-06,2.5695934,12.482369,0.97534734,0.003122472,1.2800653,20,14.181517,71.23543,0.6260983
1,0.1056338,0.49190712,0.1754571,-18.94931,-0.41999614,-8.03E-06,2.5939891,12.976497,0.8392576,-0.007833504,1.094664,-20,8.056807,75.38861,0.5892264
1,0.32139593,0.50776255,0.026109183,-31.370766,-0.3155893,-4.30E-07,1.8382473,11.541473,0.93600935,0.003831328,0.49237132,-20,6.159101,76.19564,0.65081143
1,0.092085466,0.5045126,0.06270677,-29.297401,-0.7892183,-8.77E-08,4.2498236,14.931367,0.9135895,0.001097544,1.3403984,-20,21.008018,69.1384,0.6458887
1,0.08829309,0.4977547,0.011363637,-18.968657,-0.276071,-1.91E-07,2.0919623,8.919186,0.9746292,-0.003041802,2.5072687,-20,9.5148115,61.7868,0.6436171
1,0.11792232,0.5039757,0.025479196,-23.980324,0.7718598,-2.03E-06,2.453531,15.567556,0.96758413,0.002857152,0.96746916,-20,7.054973,76.117455,0.5706626
1,0.14091553,0.5092122,0.01258648,-21.777193,-0.08604415,-1.60E-05,2.1424224,9.276536,0.95643264,0.00034586,0.40871447,-20,11.3794565,67.768845,0.5513923
1,0.16168341,0.50916857,0.119412355,-18.06614,-0.59021956,-3.43E-07,1.841825,6.4863343,0.99762434,0.000141477,0.94019294,20,5.267591,60.54963,0.5833605
1,0.06882238,0.5062241,0.055009823,-21.713497,-0.20366971,-1.22E-07,1.9739678,6.2891374,0.97737896,0.002319314,0.47550818,20,4.0487733,56.012096,0.74236673
1,0.010752688,0.49578854,0.15065312,-27.877186,-0.06350595,-1.89E-06,3.2828891,15.793371,0.9280199,-0.009083351,1.6590365,-20,21.48268,85.453476,0.5665589
1,0.16436478,0.50363654,0.11149752,-21.320532,0.30944398,-4.77E-08,1.653215,9.177016,0.9905349,-0.00070616,1.469933,20,5.0901146,76.19651,0.64756274
1,0.006191403,0.5061008,0.06487538,-33.3055,0.11061171,-1.05E-05,3.0214372,20.245438,0.91734964,0.001684623,4.999971,20,11.510598,88.74895,0.5898508
1,0.06408218,0.52390265,0.013812493,-8.36921,-0.03366198,-4.96E-07,1.974166,13.413085,0.9752251,0.002052775,0.6183428,-20,8.090483,53.77449,0.546349
1,0.2453977,0.5052083,0.029677195,-22.416313,-0.2513394,-3.41E-06,1.7993002,11.008208,0.93113047,0.00354365,0.90046835,-20,7.4288764,66.09091,0.64986956
1,0.15033947,0.51438266,0.03473344,-31.898361,-0.011989974,-1.32E-05,2.3971071,17.399511,0.9191196,-0.000150865,0.472663,20,36.76418,74.717674,0.5783409
1,0.22802128,0.51734614,0.3166287,-38.437813,-0.34425446,-1.78E-06,2.5212984,10.647414,0.9875388,-0.010631483,0.47593063,-20,5.211369,75.23184,0.6058304
1,0.04216349,0.50239646,0.08809436,-24.69889,-0.81098235,-2.33E-07,2.4722414,27.201666,0.959622,0.004342585,2.194893,-20,19.500294,75.861855,0.58426315
1,0.008062274,0.50305724,0.030425118,-16.014484,-0.38536233,-6.36E-08,2.179508,8.457213,0.9868302,-0.002588969,2.268636,-20,9.557323,57.86776,0.6230138
1,0.056533135,0.50449103,0.15039282,-37.29723,-0.4954493,-1.15E-06,2.4289274,13.009293,0.97344637,-0.002930752,0.64875066,19.999996,11.181939,76.53024,0.64684516
1,0.002501925,0.50173146,0.3278846,-24.818441,-0.14805864,-3.77E-08,5.6402445,3.6985927,0.9849005,0.006646116,3.9741588,-20,81.82126,70.67279,0.5711465
1,0.001253761,0.50727,0.08383459,-23.30405,-0.4864189,-1.93E-07,17.40728,11.224607,0.99625474,0.006122356,14.52119,20,12.557422,55.878483,0.5422656
1,0.26666668,0.50329006,0.05650194,-24.502556,-0.41753057,-8.67E-07,2.0580797,14.406873,0.9517104,0.004598518,1.5821803,-20,9.4958315,72.36668,0.648952
1,0.027349288,0.5078783,0.09977494,-26.814346,-0.12736812,-4.95E-07,2.1374123,6.7506313,0.99444723,-0.00092788,0.5853022,20,9.039175,61.073326,0.6182441
1,0.060384735,0.5042682,0.10478149,-24.84716,-0.29558545,-1.34E-06,2.0656562,16.202227,0.9633454,0.001855609,3.3719049,-20,11.5380335,57.335182,0.60268086
1,0.2030303,0.50685585,0.02327064,-21.86119,-0.1050796,-2.39E-06,1.7005358,7.454104,0.9414773,0.002681038,0.80489707,20,5.1811614,63.93823,0.6628775
1,0.093950376,0.49958205,0.3283208,-26.099554,-0.76783764,-1.01E-06,2.2913177,10.165107,0.9408426,0.005570266,0.5030716,-20,8.340942,88.7884,0.6128044
1,0.09955855,0.5010453,0.0361124,-29.653082,0.30679515,-3.59E-05,2.647755,15.073885,0.9413906,-0.000605735,0.5126071,-20,7.4453506,80.54259,0.5924701
1,0.005175218,0.50036955,0.1032954,-18.371078,-0.8059346,-1.99E-07,2.509731,13.738609,0.98011506,0.001208542,1.3938233,20,7.6168637,64.272156,0.6014461
1,0.005253064,0.50079197,0.13778445,-29.836481,-0.09238579,-1.41E-06,2.4483852,7.873214,0.987847,0.002261911,2.8341553,20,5.9576254,57.39461,0.70144504
1,0.00361991,0.50889355,0.057547454,-23.37968,0.18812232,-5.83E-06,2.3477242,14.446778,0.98354566,-0.002442086,0.5790702,20,12.660368,61.254566,0.6839808
1,0.16114135,0.502061,0.07120488,-43.257935,-0.27469385,-3.06E-06,2.2105808,10.062406,0.9112074,-0.002501972,0.92186177,20,11.493984,65.392876,0.6109572
1,0.006531205,0.505622,0.014865845,-18.637424,-0.119038455,-8.17E-06,1.9027424,14.636623,0.9862662,-0.004362586,0.33411616,-20,21.315662,76.927826,0.73613864
1,0.16912684,0.5076288,0.08252063,-25.73829,-0.58356494,-8.40E-07,2.273631,11.75338,0.9061734,0.000900155,0.56809866,20,4.947414,68.69521,0.6065478
1,0.16056034,0.5110393,0.023950484,-35.740032,-0.59955305,-2.12E-05,2.2963884,14.358657,0.92671853,-0.005751326,0.9378678,-20,18.261084,94.60656,0.647382
1,0.052906834,0.5170233,0.015560418,-39.95626,0.49116328,-1.16E-06,2.4659984,9.77519,0.9292675,-0.002131956,0.99081844,-20,13.923549,76.00795,0.6611788
1,0.085341364,0.5158053,0.048395187,-33.760696,-0.5939032,-1.53E-05,2.3440845,13.038016,0.9534666,-0.007837824,0.31667712,-20,12.383119,105.67032,0.6150726
1,0.052693207,0.50351214,0.098425195,-22.64235,-0.17852092,-6.73E-07,2.923697,13.649885,0.9806014,0.003331441,2.203701,20,16.350687,70.295784,0.624888
1,0.1337004,0.51194435,0.089096576,-29.940495,-0.35970733,-3.38E-07,1.6286966,9.704751,0.9673434,0.002218564,0.95815504,-20,4.9186096,61.34394,0.62096965
1,0.10068556,0.5055754,0.14442058,-28.83628,-0.30274862,-9.94E-06,2.0648923,11.641137,0.97311395,0.005444857,1.2445741,-20,11.541101,69.731155,0.68284357
1,0.01754386,0.50323904,0.047069974,-19.962214,-0.42211324,-9.47E-08,2.0841992,11.905436,0.98890525,0.001451254,0.4719954,19.99955,14.364658,62.258175,0.575625
1,0.15940431,0.50468576,0.07190083,-38.29162,0.20469214,-2.44E-06,2.3846211,11.990874,0.963112,0.002570337,0.4096304,-20,13.25167,88.88777,0.5574192
1,0.098881826,0.5099715,0.10405257,-20.64288,-0.7616144,-4.92E-08,1.5000507,5.9902635,0.9425128,0.003427805,0.36995915,-20,7.0244694,51.740242,0.761583
1,0.14211212,0.4990876,0.0758405,-25.071365,-0.47873223,-2.35E-06,2.216579,9.7644205,0.9245247,0.0059997,0.8325343,-20,10.96697,86.58065,0.5773102
1,0.07829864,0.5046465,0.33740658,-27.5985,-0.067321,-2.16E-06,2.9674377,14.636272,0.9410128,0.000189615,1.8637587,-20,9.265657,65.39562,0.6683654
1,0.02683428,0.50549847,0.05630059,-32.48433,-0.48306787,-1.13E-05,2.6305065,14.506565,0.9050825,0.000672504,0.5672745,-20,7.0319204,83.39315,0.5385202
1,0.15069593,0.5321027,0.02406417,-46.659256,-0.45822126,-2.20E-07,2.1988893,10.163576,0.92936987,-0.000702528,0.43796355,-20,5.448111,63.369827,0.67324257
1,0.17608218,0.51014423,0.03469338,-24.12963,-0.5577179,-5.34E-06,1.9859345,9.25359,0.997898,0.006600327,1.1873767,-20,7.50031,66.64233,0.60088867
1,0.11789021,0.49801654,0.024454726,-22.879112,-0.5694991,-2.20E-08,2.199613,4.0720496,0.9833609,0.001488984,0.6670562,-20,2.3884985,60.398388,0.59674156
1,0.14285715,0.5024414,0.034293387,-28.772638,0.15331668,-6.56E-06,3.007063,9.334147,0.9640772,-0.00187258,1.3178406,-20,6.5642543,79.4311,0.67117655
1,0.06856598,0.49781957,0.22179836,-27.153633,-0.6286572,-2.14E-06,2.3888083,3.7318394,0.95311356,0.004564109,1.8725926,20,4.8724356,62.04207,0.6585328
1,0.12380015,0.5156212,0.38062453,-34.020798,-0.8628481,-3.25E-07,1.732408,8.431042,0.9554716,0.002588916,1.573803,-20,2.0984938,62.85261,0.7463778
1,0.07579984,0.5063146,0.10181997,-31.550932,-0.06771389,-1.33E-06,2.353608,13.794197,0.9652878,0.001556377,0.7678303,-20,9.41706,63.241516,0.5270618
1,0.12959795,0.50712657,0.299943,-39.79219,-0.19135167,-6.18E-06,2.2253246,14.775242,0.9539313,-0.002976531,0.8537833,19.99998,10.947542,77.38441,0.74100745
1,0.10883191,0.49925944,0.061966054,-25.073051,0.29309568,-4.83E-07,2.3455572,11.814095,0.96853286,0.001647098,0.9792956,-20,8.354386,71.5805,0.6604521
1,0.005006954,0.50542116,0.017782718,-11.437575,0.13636862,5.29E-08,6.5754514,17.17946,0.9664124,8.69E-05,3.3886359,-20,34.6066,53.77063,0.5873472
1,0.06365681,0.5042366,0.027312014,-37.86374,-0.9570411,-1.75E-06,2.1923645,9.315,0.9904454,0.000543011,1.2238029,20,7.4469414,76.45027,0.6039529
1,0.002225369,0.51385236,0.054780677,-22.570633,-1.3193755,-9.59E-08,14.585978,20.71234,1.0052607,-0.003545484,0.049999997,-20,182.18564,55.88245,0.6502358
1,0.1309097,0.50454354,0.06251563,-25.055239,-0.8174694,-4.03E-06,2.0452728,16.095999,0.9653751,-0.000710234,0.96007717,-20,9.098483,61.287094,0.6063676
1,0.8297652,0.5067311,0.03347136,-21.814463,-0.13991809,-8.99E-08,1.6105995,8.448795,0.9984339,0.007432609,0.47172678,19.999554,5.3576655,57.679455,0.7148348
1,0.111056514,0.50957763,0.038782522,-33.969025,-0.4437543,-1.74E-06,2.2962768,10.9408245,0.95392376,-0.000274859,0.34669268,20,5.5896072,80.90862,0.600067
1,0.17908832,0.5000676,0.040151414,-24.985826,0.2600285,-4.54E-06,2.3448918,11.0542555,0.94847476,-0.000115898,0.5190575,-20,6.816909,98.77409,0.57641876
1,0.011673477,0.5069612,0.015837293,-33.301346,-0.05842751,-3.60E-06,3.0160847,13.693784,1.0107837,-0.003278313,0.7036198,-20,35.648975,77.43743,0.5545606
1,0.10804939,0.5097165,0.015085714,-25.433857,0.15891568,-3.89E-07,2.6004932,12.6475525,0.9684288,0.000206893,1.4484416,-20,12.770768,69.873634,0.57267773
1,0.14404894,0.5080623,0.23054475,-37.078392,-0.53469473,-2.38E-06,2.6280708,13.624346,0.97277516,0.00083032,1.0810708,-20,12.525292,79.60723,0.6505369
1,0.006870706,0.5062896,0.04094193,-21.162037,-0.09922445,-1.42E-06,1.8241687,11.097939,0.9953095,0.00032253,0.43987548,-20,9.568488,62.98951,0.5496596
1,0.02556441,0.5102888,0.01725282,-30.711117,0.3129675,-8.00E-06,2.6736774,14.266046,0.98156,-0.0015375,1.9803776,19.998821,10.624466,75.41453,0.50963396
1,0.13968788,0.51315385,0.07767584,-25.05099,-0.44889447,-7.91E-07,2.299707,9.733199,0.95385367,0.001238547,0.50129014,-20,6.0993876,78.41467,0.6542027
1,0.06684564,0.5055004,0.010726736,-15.611081,-0.03969324,-8.17E-07,2.6312509,8.539504,0.9350658,0.007270964,1.7103515,-20,6.9467115,58.464832,0.6150682
1,0.07204754,0.50457805,0.4563443,-29.857227,-0.25935465,-1.91E-06,2.4647524,16.999199,0.9822667,-0.007736858,0.97952914,-20,7.896627,67.75863,0.7016797
1,0.037917927,0.5136926,0.012374549,-35.69815,0.64158916,-8.49E-06,3.733993,19.510902,0.96711856,0.001949796,0.6030034,-20,12.881412,88.63766,0.5790824
1,0.14472124,0.510555,0.29558927,-25.905067,-0.48829076,-1.43E-07,2.3142624,12.970476,0.9592067,0.001587367,1.3230863,-20,7.852464,68.291985,0.5766839
1,0.09197844,0.50449127,0.3209796,-44.590927,-0.9451834,-2.53E-07,2.6011,16.634905,0.9521713,0.00330893,0.9125468,-20,12.356768,86.706604,0.62560266
1,0.09873631,0.5100219,0.059437614,-38.67162,-0.29741186,-8.75E-06,2.1788218,24.024027,0.9746169,0.006671348,0.78650475,20,18.571608,78.94609,0.57252514
1,0.11730177,0.5069271,0.13255098,-13.694314,-0.20283806,-5.31E-08,2.1746407,10.18801,0.9678494,-0.000717274,1.5767338,20,8.093779,61.48706,0.58855855
1,0.06667775,0.49601063,0.039049517,-19.545624,-0.7986241,-9.28E-06,1.5644298,7.316672,0.93800527,0.001747964,0.5038459,-20,7.7033205,66.8998,0.54637796
1,0.26726097,0.5070767,0.04681223,-28.71743,0.26214048,-1.30E-06,1.9922726,16.844,0.97690475,0.003167956,0.42513788,-20,8.171589,91.95678,0.61351204
1,0.1003487,0.5100697,0.016647309,-33.728718,-1.1712594,-4.89E-08,2.0587134,2.5190995,0.9871497,0.004003753,1.2647839,-20,1.3437893,59.13633,0.73270464
1,0.014916527,0.5176296,0.08334156,-24.289448,-0.41250065,-7.05E-07,1.3098373,8.169666,0.96066576,0.00155658,0.945421,20,4.684322,59.464302,0.6772469
1,0.1079073,0.48947835,0.07990101,-28.898785,-0.27007055,-9.29E-07,2.2913733,14.322166,0.9582343,-0.00570525,0.42452738,-20,25.354866,91.77377,0.6209375
1,0.049270075,0.5066883,0.04943274,-27.549389,0.93570143,-2.47E-08,3.9734354,15.9814005,0.97454554,-0.001507243,1.6100307,-20,23.867321,67.62004,0.60956097
1,0.080337174,0.49595872,0.072374076,-34.99703,-0.14174329,-6.39E-06,2.5527802,15.116927,0.84684485,-0.002337538,0.7563935,-20,25.350317,116.19974,0.6151533
1,0.11043836,0.50532687,0.07879448,-28.819584,0.041491237,-2.75E-06,1.9111322,16.2818,0.9459071,0.003888655,0.80028224,-20,12.773813,74.836914,0.62594986
1,0.10250034,0.51719373,0.26508352,-23.539745,-0.3771331,-5.66E-07,1.6606846,3.726272,0.9955341,0.004073561,0.41554564,19.999994,3.9748414,61.800976,0.78411835
1,0.19068559,0.4979021,0.14339924,-27.238499,-0.2244034,-2.76E-07,2.3241534,13.920273,0.95932716,-0.004556661,0.56546545,-20,9.443729,99.20543,0.7135291
1,0.17477548,0.5172176,0.09628095,-31.702446,-0.63998646,-3.56E-07,1.6249585,8.48775,0.9624372,0.001708733,1.1596076,-20,6.3860145,62.328846,0.6701722
1,0.012874409,0.5028887,0.32257217,-35.823467,-0.28020716,-5.58E-06,3.4300945,16.377975,0.9495494,0.006089501,0.8955142,-20,25.999477,82.938065,0.61491334
1,0.18320058,0.49843183,0.25440076,-15.4049835,-0.35399887,-1.48E-06,1.6317083,3.5903032,0.9411415,0.000658494,0.5982951,-20,3.9511778,65.004814,0.59800845
1,0.2007775,0.50308573,0.050491203,-19.956284,-0.53041387,-1.11E-06,1.8124925,12.515492,0.99207354,0.006392547,0.7943928,20,6.2103457,67.66789,0.50334793
1,0.21883489,0.5263952,0.17787157,-22.83327,-0.365219,-7.02E-07,1.5879023,7.9582405,0.95605123,0.016199477,0.16782175,20,4.9400826,56.391045,0.6958586
1,0.045645177,0.51175034,0.003607293,-28.418087,-0.24197777,-3.97E-06,2.1501448,11.760965,0.9772669,-0.000960751,1.6208327,-20,11.236895,63.08479,0.6554462
1,0.10833686,0.5044416,0.03319239,-20.922115,-0.5486603,-1.86E-06,2.3694215,11.535764,0.96217203,-0.00423528,0.58719444,-20,6.354844,74.86834,0.59660727
1,0.056010928,0.5074132,0.23127925,-26.04541,-0.23555596,-6.87E-07,2.2608058,12.712,0.95028174,0.010322718,1.4501334,-20,15.631508,70.61107,0.6423489
1,0.006454485,0.50945497,0.27218145,-20.681211,-0.5766399,-7.67E-07,2.7792983,6.881209,0.9598648,0.013895938,0.6332795,-20,4.525051,74.17787,0.5286036
1,0.13193907,0.51329374,0.004774194,-25.019695,-0.4718046,-7.63E-07,2.2559524,11.809648,0.99402356,-0.001079453,0.3234644,20,7.1128798,65.28049,0.5169232
1,0.21631205,0.5124059,0.106067315,-31.893257,-0.5920198,-5.54E-08,1.876975,10.103063,0.99419224,0.010602269,0.7523158,20,8.730825,65.28419,0.7147587
1,0.18229766,0.5118888,0.055885736,-23.087877,0.3947453,-4.21E-07,1.8043522,12.610078,0.91659725,0.000189267,0.9485014,-20,6.3770204,57.37995,0.7033168
1,0.112148754,0.5054606,0.02117196,-25.53261,0.22396354,-4.49E-07,2.9470055,13.964708,0.95848495,0.001555884,1.1615137,-20,9.220072,63.4879,0.5606454
1,0.14941406,0.50162655,0.110208064,-30.887444,0.36377844,-2.05E-06,2.6460083,12.722367,0.9524894,0.010913852,0.50354695,20,7.2430496,91.278114,0.6107247
1,0.14660777,0.5152705,0.025996322,-51.03401,-0.22936395,-3.00E-05,2.2969816,12.365789,0.94478637,-0.000513173,0.5398941,-20,8.760995,83.931335,0.65776175
1,0.8429586,0.50118375,0.04569452,-26.550867,-0.5449475,-1.44E-05,1.8764002,11.715821,0.9793452,0.001134712,1.3243833,-20,8.915925,61.967434,0.58590317
1,0.12845723,0.5080386,0.3419675,-27.668247,-0.53479123,-2.98E-06,2.5850265,8.652724,0.9311078,0.001656396,0.6831303,20,8.9905405,90.44509,0.67342067
1,0.2946265,0.5065691,0.067664176,-16.015888,-0.62980586,-1.81E-07,1.6325603,3.4136953,0.9749351,-0.002585129,0.34049672,20,4.0390234,57.595123,0.7442096
1,0.11087165,0.5019153,0.21565342,-23.961128,-0.41909358,-2.15E-06,2.2248487,14.612871,0.98515767,-0.001099444,1.1727103,-20,11.86668,64.47812,0.652983
1,0.06764442,0.5049372,0.07687706,-35.651257,-0.61821586,-2.15E-06,3.1556685,16.363195,0.9899372,-0.003244063,0.74474347,-20,10.695861,69.57548,0.7188668
1,0.1333787,0.49778986,0.24770643,-28.16797,-0.6131442,-5.79E-06,2.0022845,8.352087,0.9367442,-0.000685689,0.45199552,-20,7.6865096,71.531845,0.65419483
1,0.002787456,0.50174135,0.028080761,-32.079716,0.07067946,-3.57E-06,8.340642,12.4293,0.96801555,-0.004837271,2.9403687,-20,18.085266,77.59578,0.6377834
1,0.059160627,0.516428,0.24439953,-24.799517,-0.39624012,-2.00E-07,2.0372443,7.0344033,0.9829257,0.005087256,0.3464164,-20,7.4836426,60.65039,0.67048836
1,0.0912211,0.51661247,0.008483755,-33.79507,-0.41480452,-9.18E-07,2.5099738,14.820932,0.97337395,0.003279354,0.35268188,20,10.397556,74.58892,0.60446674
1,0.06821641,0.5122424,0.16940948,-46.925602,0.5198241,-2.83E-06,2.5459979,14.140541,0.96667343,0.00507828,0.7082311,-20,15.036318,77.94435,0.6422951
1,0.13266598,0.5098355,0.07303048,-28.572647,-0.42614308,-1.03E-06,2.8418093,10.047708,0.9962264,0.000191017,1.1320812,20,8.100887,73.71229,0.64865965
1,0.12857373,0.49426773,0.22389023,-37.0303,-0.31258535,-1.14E-05,2.1750166,14.54795,0.97023714,-0.0015278,1.8694813,20,8.277313,66.394936,0.6278199
1,0.009416025,0.5049335,0.006787945,-20.948227,-0.25612894,-1.92E-07,1.9762834,9.113643,0.9885514,-0.000157507,8.15844,-20,10.670086,55.773693,0.5642723
1,0.04934753,0.5078722,0.027731974,-27.26835,-0.46485087,-1.17E-06,1.9497304,10.28686,0.98941416,0.000815825,0.48590383,20,9.9852,60.64018,0.5540872
1,0.2920443,0.50025165,0.22686116,-17.041718,-0.39834163,-7.98E-07,1.5491343,3.3463814,0.97312033,0.002875845,0.4092342,-20,3.0175471,67.947205,0.5926954
1,0.038355708,0.4971238,0.022422273,-24.479572,0.20789726,-2.22E-07,2.0963807,7.68749,0.98149025,0.00173431,3.8680422,20,4.963857,66.349556,0.5901062
1,0.09559513,0.5246393,0.07342199,-32.296448,-0.483274,-6.10E-05,1.9974773,11.849623,0.9609108,0.003104775,0.30390528,-20,13.007811,68.2447,0.59756124
1,0.084749386,0.49983972,0.036107253,-20.615229,-0.22826186,-1.34E-06,2.427869,19.26965,1.0052439,-0.002602803,1.1037182,-20,9.654869,82.33638,0.6141896
1,0.12511332,0.50190324,0.026272876,-28.458786,0.041277096,-5.21E-07,2.3637056,11.991983,0.9754825,0.005647217,1.5079081,-20,12.953285,69.902916,0.65488756
1,0.15889297,0.51035017,0.02842777,-31.659714,-0.19861338,-2.63E-06,2.1262217,12.811444,0.97889704,-0.002172843,1.2479378,-20,9.451411,81.92384,0.623749
1,0.058227383,0.516857,0.046601582,-36.128918,-0.47393107,-3.47E-05,2.8119423,16.494198,0.9800734,0.001429121,1.057951,-20,14.906771,78.64363,0.6656134
1,0.02580785,0.5185346,0.098374866,-28.446123,-0.23579039,-1.08E-06,2.4712007,20.918886,0.959388,0.004930064,1.6104467,-20,27.778551,71.854576,0.6130623
1,0.04413551,0.501012,0.04451639,-20.370487,-0.57966983,-5.80E-07,2.1477344,5.8861833,0.9803431,-0.003371509,0.8480091,20,3.4194353,75.2235,0.6820513
1,0.10728953,0.51189053,0.11777283,-35.51485,0.30587223,-6.03E-06,2.4643273,12.569358,0.93857086,0.003003357,2.177751,20,6.570669,68.09497,0.65851325
1,0.21550821,0.5103894,0.10439944,-24.594688,-0.45129445,-7.35E-07,1.4078772,12.933872,0.97560894,0.001864028,1.6318942,-20,6.654024,63.35839,0.6065054
1,0.07045366,0.49928525,0.12641288,-20.728981,-0.6577791,-2.33E-07,2.4657383,10.620382,0.9918472,-0.000401664,1.07,-20,7.587881,62.339897,0.6237901
1,0.02340994,0.5074276,0.020301314,-33.56077,0.015082896,-4.68E-06,2.842395,18.999126,0.9698679,0.001617161,2.0155349,-20,25.70014,81.6731,0.64126915
1,0.16986795,0.5114011,0.0119976,-31.271109,-0.35406142,-1.96E-06,2.192811,20.379513,0.94788593,0.000895367,0.6195609,-20,10.029504,85.896454,0.61329424
1,0.14658551,0.50637764,0.067600235,-24.73209,-1.2142346,-1.62E-06,1.9690233,13.9096575,0.9766699,-0.000640554,1.4459453,-20,8.595141,71.98795,0.7127664
1,0.10273636,0.49074528,0.034223024,-14.69591,0.10551733,-1.43E-07,1.4388071,10.231625,0.9907192,0.00024632,0.47933796,20,11.558574,54.80121,0.542934
1,0.07756024,0.5013802,0.024335174,-21.809952,-0.17614141,-4.88E-07,2.568702,9.991042,0.9606734,0.000821705,2.453482,-20,8.675383,68.178925,0.58440787
1,0.027475568,0.5069137,0.044976957,-17.50054,-0.27264354,-4.32E-07,2.0677433,8.624634,0.99244225,-0.000458072,1.3998818,-20,9.591817,57.718307,0.6817553
1,0.13703236,0.501891,0.02380619,-28.858196,0.25233084,-3.92E-08,2.1278098,6.5070696,0.9512166,0.003686116,0.6537222,-20,5.5238557,72.56163,0.66810054
1,0.19925013,0.50687134,0.06654772,-17.257563,-0.52697176,-8.27E-07,2.5385685,14.646417,0.97888607,0.001094876,0.46211296,20,7.517635,78.10422,0.6849503
1,0.13116124,0.5022549,0.14192687,-24.221535,-0.6061359,-8.96E-07,2.1712072,8.715683,0.9370785,0.006802933,0.9462793,-20,8.330241,88.36696,0.60009736
1,0.02426649,0.5102536,0.017853208,-24.490868,-0.883613,-1.95E-07,3.3582582,10.887496,0.9924718,-0.004830342,0.68855995,20,16.888351,61.27008,0.71194386
1,0.0957979,0.5141285,0.0145,-36.57629,-0.48297063,-7.13E-06,2.4696624,12.049967,0.93210983,0.000549877,0.87854016,-20,15.417946,82.55718,0.61625224
1,0.004561706,0.5127573,0.16919285,-29.261063,0.36067644,-8.85E-08,2.590115,6.9625015,0.9971028,0.002929913,1.0275203,20,9.5658045,56.6666,0.65244555
1,0.13445017,0.5070846,0.019527897,-28.593203,-0.20622645,-5.33E-06,2.205352,15.351383,0.93695676,0.002999292,1.7956586,20,13.679368,66.30748,0.666971
1,0.06269834,0.5233685,0.10751951,-22.71877,-0.42363188,-2.08E-07,2.0906436,5.7067046,0.99837697,-0.000944905,0.52523404,-20,3.674716,59.12422,0.6463566
1,0.03077489,0.51789653,0.12438726,-22.859379,-0.39594856,-2.46E-05,1.9963121,15.760323,0.95882076,0.001778275,0.2803931,-20,10.490006,77.48308,0.50956833
1,0.2327895,0.5179684,0.11480843,-33.663887,0.16869223,-2.57E-06,1.752776,7.0659456,0.9491295,0.005449355,0.7339694,20,5.628636,64.29703,0.6674724
1,0.11728302,0.5109401,0.08538241,-36.178543,-0.6047683,-4.78E-07,2.584404,10.090009,0.9425851,0.003882563,0.88446295,19.99982,10.029355,80.5657,0.6568689
1,0.1332444,0.5083785,0.013336668,-19.870102,0.97005194,-2.66E-07,1.2676259,8.467137,0.97324437,-0.001692352,0.5346783,-20,9.623403,65.2825,0.6687621
1,0.24309392,0.5010709,0.0385439,-22.772861,-0.41933575,-7.94E-05,1.8304623,11.71784,0.94484484,-0.000822536,0.43279067,-20,8.706416,63.253754,0.5901576
1,0.000782385,0.5097776,0.029158752,-23.564823,-0.25293493,-4.45E-06,3.6728826,12.178687,0.9849584,-0.001331426,1.3625784,20,55.10413,66.7789,0.57384396
1,0.06672582,0.5015079,0.17325766,-21.544094,-0.2682881,-1.94E-05,2.3432486,9.111099,0.97612864,-0.003884966,0.5803863,20,7.244204,85.924774,0.62621117
1,0.016439019,0.50320244,0.003986952,-12.029004,0.51427317,-1.59E-06,2.168342,7.113606,0.9673473,-0.002694353,1.3843935,-20,10.357719,65.38166,0.5796357
1,0.05223518,0.504615,0.012263235,-22.215382,-1.0642138,-1.39E-07,2.2077496,12.784682,0.99426717,0.001989628,1.6511317,20,12.575362,58.49697,0.56454617
1,0.093746416,0.51623267,0.011239821,-25.58826,-1.0599425,-2.20E-07,2.1371272,10.433392,0.9776372,0.002387359,1.6598659,20,4.1375885,61.417892,0.6181008
1,0.16368286,0.5042608,0.07453152,-22.898611,-0.8714033,-5.60E-08,1.9806089,2.658797,0.98723656,0.001055304,1.1695013,20,1.7743324,60.873226,0.66326946
1,0.3566028,0.5049226,0.09333802,-24.715021,0.26792315,-1.50E-05,1.8258916,7.7644954,0.9631435,0.003528179,0.8742524,-20,6.6297746,64.88922,0.6246189
1,0.006837322,0.5070446,0.012003001,-21.764406,-0.3913656,-1.03E-06,2.2255366,16.220602,0.9831653,-0.000242686,1.8848343,-20,10.826401,61.560265,0.50646704
1,0.0345585,0.513834,0.25274405,-26.06675,-0.41986373,-2.36E-07,1.6799368,12.1650915,0.97798795,0.001826517,2.606089,20,13.038091,58.127953,0.6060666
1,0.066274345,0.50175095,0.024366336,-23.536926,-0.55655324,-3.54E-08,2.6165023,15.276347,0.9975847,-0.001898747,1.0429633,-20,9.05829,63.52548,0.58124554
1,0.005278437,0.5096306,0.042732786,-19.842152,0.100550964,-1.73E-06,2.6921122,18.173637,0.9855435,-0.001492329,0.6217055,-20,13.885447,61.681435,0.5614249
1,0.05218305,0.49883285,0.1210035,-28.720448,-0.50943375,-3.89E-06,2.3647933,11.048912,0.97169477,0.00148845,1.220704,20,7.6825166,67.17244,0.62841785
1,0.037355125,0.49578992,0.00300075,-31.764048,-0.9443778,-2.50E-07,2.1143994,11.229633,0.97180563,0.000442289,3.4084756,-20,10.05903,59.97142,0.54554087
1,0.2485599,0.5069085,0.023302646,-21.438604,-0.45285726,-6.95E-07,1.9289856,11.504907,0.9868425,0.002639651,0.9512982,-20,9.431879,64.93786,0.60744834
1,0.056159087,0.5094791,0.12603496,-14.957321,-0.7608815,-2.21E-07,1.5612233,8.685917,0.97521204,0.000414988,0.77718914,-20,6.488862,62.853016,0.53776115
1,0.001456841,0.50540113,0.13287222,-23.427471,-0.55352944,-1.24E-07,2.7467427,9.369599,0.9922159,0.005148741,3.8243508,20,13.935934,60.65587,0.5886674
1,0.21712308,0.5037605,0.045714285,-26.888939,-0.54096,-3.82E-07,2.304186,13.699423,0.92513514,0.00219353,0.60452485,-20,7.801332,58.6562,0.6224708
1,0.14670348,0.49706796,0.026197862,-32.026974,-0.65839094,-9.21E-06,2.1171322,11.840686,0.97432166,-0.01198816,0.48094127,-20,10.770822,80.339676,0.6156721
1,0.108842224,0.49663007,0.118190564,-25.759424,-0.07471781,-7.00E-07,2.7526362,13.919356,0.9781784,0.002273445,1.1600494,-20,11.198231,75.376526,0.6959281
1,0.14472608,0.5065395,0.28507218,-24.953167,0.29608285,-1.66E-06,2.195128,12.392714,0.9919832,-0.00098651,0.9057963,20,4.9024568,70.74808,0.6403223
1,0.12750544,0.5097755,0.022677924,-30.441544,0.7075749,-6.72E-07,2.5990722,10.917063,0.8150162,0.002101155,0.9239877,-20,8.063255,69.51437,0.6374761
1,0.06761918,0.5149201,0.07662944,-37.281464,-0.6963437,-3.18E-06,2.7548273,11.380768,0.8631427,0.004259757,1.1408505,20,8.268112,82.39743,0.52295846
1,0.071878426,0.51806736,0.04269294,-44.522346,-0.44763395,-6.36E-07,2.233963,12.17261,0.9468786,0.003811027,1.1681036,-20,10.616075,69.15308,0.5173551
1,0.10510296,0.50026846,0.15959921,-34.330162,-0.7274423,-4.07E-07,2.6156588,8.266866,0.93430024,-0.001631389,0.9562038,-20,6.383535,88.60054,0.64409745
1,0.14149678,0.5005363,0.042359248,-43.70675,0.63978034,-2.13E-06,2.478215,14.50553,0.98898023,-0.004233209,0.95710033,20,17.540108,80.12227,0.6128304
1,0.18785958,0.50504375,0.00500125,-23.636072,-0.08642439,-2.20E-05,1.8093057,10.840947,0.95041275,-0.000941865,0.52157253,-20,9.436391,65.27932,0.59310544
1,0.004009738,0.51653546,0.07084586,-33.027348,-0.20287833,-7.13E-06,2.4334338,17.214607,0.9953452,0.001384123,3.828657,20,22.354778,69.57048,0.62216884
1,0.06211957,0.5109629,0.004167709,-28.01874,-0.42247075,-8.78E-07,2.4923034,12.55863,0.99078953,0.001430881,1.9868225,20,9.924748,66.85627,0.75064206
1,0.3065955,0.49612337,0.0700175,-24.031437,-0.17512374,-7.93E-07,1.8319535,9.953047,0.9746712,-0.000561624,0.9745865,-20,4.529196,74.33261,0.7190066
1,0.011935764,0.5062907,0.19102342,-26.768099,-0.37850994,-1.80E-06,2.8543475,14.366177,0.94360286,0.01311082,2.6452086,20,17.535967,71.51228,0.6377878
1,0.14141582,0.50796163,0.31041095,-28.645475,-0.97490835,-7.53E-08,2.4645102,15.573701,0.96517307,0.000322702,0.6258975,-20,10.413154,76.10641,0.5976118
1,0.13846332,0.51113945,0.043155454,-29.556936,-0.3985936,-7.05E-07,1.7928168,20.14867,0.9805593,0.001897076,1.0007656,-20,10.0803385,63.174313,0.5991907
1,0.440185,0.50715876,0.10589491,-19.772568,-0.56406003,-1.25E-06,1.4655106,6.2608395,0.9476047,-0.000563826,0.24907285,-20,4.111976,59.197674,0.68785775
1,0.060952224,0.512797,0.02375594,-29.133549,-0.44053918,-3.24E-06,2.1068766,16.631828,0.9904766,0.000866208,1.6657437,-20,13.392742,70.13926,0.64286363
1,0.08635656,0.5072303,0.04247276,-19.197304,-0.21291275,-6.14E-07,2.0354247,16.295012,0.9815108,-0.005675076,1.6350424,-20,9.318386,70.07482,0.5640505
1,0.233277,0.489259,0.25790107,-27.95757,-0.045729317,-2.25E-06,2.5014236,12.070273,0.919988,0.003964778,0.41970813,20,5.788968,98.71095,0.62073904
1,0.094457544,0.5028295,0.4177275,-20.120203,-0.63420403,-1.17E-06,2.1512992,14.062424,0.9747541,0.000298257,0.63071144,-20,5.8365517,72.346825,0.6632556
1,0.002646326,0.5076253,0.05553827,-32.689068,-0.2040286,-2.17E-05,4.067761,11.992932,0.9572218,0.002622937,14.998214,-20,31.461681,87.80814,0.604448
1,0.02869166,0.5036971,0.060540404,-24.956944,-0.4768865,-2.36E-06,3.7475283,11.875661,1.0128762,-0.004697922,1.2856256,20,11.208947,75.121826,0.610676
1,0.001917362,0.50627816,0.018016292,-24.463242,-0.29964313,-1.62E-06,2.6956153,18.985403,0.9669081,-0.000421401,1.7408695,20,17.10741,75.5352,0.5341878
1,0.037381627,0.51054645,0.025402624,-47.89075,0.8121655,-5.57E-08,3.7334723,9.34788,0.9609332,0.004429899,1.4725299,-20,10.297901,79.30144,0.6918832
1,0.004646176,0.49303323,0.1325,-10.946737,0.30710366,-1.54E-07,1.9188901,10.868669,0.9952498,-0.001047642,0.8713556,-20,13.488136,53.41231,0.760402
1,0.005810115,0.5011221,0.054639038,-29.38237,-0.7894169,-2.39E-07,2.507596,9.22669,0.9666434,0.004942359,1.3285627,-20,7.9934034,81.49574,0.70951146
0,0.001674481,0.50870436,0.071619816,-31.754557,0.2851958,-4.84E-07,18.386898,39.5715,0.98772454,-0.002881378,3.2314706,20,307.7066,66.03974,0.690174
0,0.17318544,0.50534916,0.024888197,-26.718971,-0.4232753,-2.03E-06,2.380047,15.622137,0.93757373,-0.00318739,1.2405381,-20,9.57324,84.96541,0.6234358
0,0.16324148,0.5021008,0.034297712,-22.5048,-0.56325465,-1.39E-06,2.070334,17.289078,0.93696594,-0.003867289,0.37806895,20,13.997709,96.16778,0.4768374
0,0.095995896,0.49726307,0.1882695,-30.95414,-0.8331522,-7.78E-07,1.6104313,7.250289,0.94813466,0.001032505,0.6284526,-20,5.0777416,59.860912,0.63439584
0,0.005908419,0.519936,0.14406988,-20.760649,-0.392244,-3.49E-07,2.1329174,11.222528,0.99536616,0.001257852,0.4462489,-20,8.207272,70.835266,0.5744286
0,0.23035176,0.5024116,0.036769137,-32.608406,0.19351166,-5.29E-07,2.0879643,7.5749035,0.97881943,9.37E-05,0.6524548,-20,6.0131197,63.02351,0.5078714
0,0.13887134,0.51042104,0.038518205,-30.596369,-0.3028374,-4.37E-07,1.6196642,10.387375,0.95998067,0.00227328,1.0623504,20,4.915485,60.308514,0.66469526
0,0.005334519,0.5101089,0.034865644,-29.047663,-0.6576796,-2.69E-08,3.5929935,20.069365,0.9850017,0.003292186,1.0086722,20,28.283804,76.489876,0.6835198
0,0.20782904,0.5026465,0.10506425,-33.272945,-0.4552564,-2.11E-05,2.1080256,16.012312,0.8104017,0.009397804,0.80731213,-20,9.816753,91.016495,0.64155763
0,0.017808396,0.5050033,0.06379109,-26.074413,0.31887168,-3.80E-06,2.0079417,23.153873,0.9881107,-0.001531128,0.5630063,-20,13.278517,64.074936,0.69053817
0,0.032018397,0.5094606,0.004596076,-24.609795,-0.55096436,-1.14E-06,1.4114752,7.704151,0.9702549,0.004485412,0.7052676,20,2.6291707,64.857025,0.49348018
0,0.24963145,0.50761294,0.11831124,-23.834387,-0.28558496,-1.56E-06,2.0190332,8.445017,0.8884905,-0.003612069,0.3345851,-20,5.7635164,63.47047,0.6640648
0,0.00622084,0.5128019,0.21826096,-21.106325,-0.3492663,-4.83E-07,2.6648684,11.877125,0.98819506,-0.000248607,1.1227984,20,11.306288,65.13688,0.6605293
0,0.013094858,0.5169221,0.07564635,-12.721848,0.04443267,-1.32E-06,2.5013025,14.197967,0.9699347,-0.002642591,0.6850854,-20,15.40445,52.907578,0.6480141
0,0.25208148,0.5151408,0.003009382,-18.76278,-0.36314192,-2.46E-06,1.7048782,11.966852,0.96705145,-0.003070799,0.5182049,-20,10.345312,73.20507,0.48432618
0,0.22612514,0.5191956,0.016806724,-28.038006,-0.44650775,-1.35E-07,1.394281,3.92379,0.9086866,0.011683546,0.51812726,-19.999996,2.8336422,56.771545,0.6188714
0,0.07004525,0.51311743,0.18574788,-17.64875,-0.67853653,-3.22E-07,2.3188846,13.914495,0.9585764,0.005270187,0.84229076,20,8.877239,64.05917,0.57973963
0,0.12031849,0.5103184,0.01797819,-20.62062,-0.77707785,-1.21E-07,2.0791724,13.298748,0.9329229,0.002835423,1.7287486,-20,6.376118,66.76679,0.63929766
0,0.10592723,0.5082136,0.07609971,-17.775227,0.27377552,-7.38E-07,2.411922,16.643932,0.96132404,-0.001965554,0.34327623,-20,9.4210825,71.51484,0.63180035
0,0.2609747,0.503161,0.07156134,-21.975296,-0.3215355,-3.13E-06,1.8459642,13.031776,0.9445437,0.004693874,0.8740831,-20,9.018879,71.69582,0.65623134
0,0.108679056,0.5169168,0.26290363,-27.085571,-0.22316675,-2.06E-06,1.7143439,10.816,0.97609687,0.009604388,0.27881294,20,8.101399,66.6924,0.5834948
0,0.060674425,0.49750713,0.06551151,-17.158733,0.75526446,-2.08E-06,2.0327227,10.367132,0.9782766,-0.00159042,1.233298,-20,9.266088,60.149593,0.51951283
0,0.008192991,0.5178219,0.052767247,-16.389235,0.20255943,-5.35E-07,2.3073213,13.921997,0.96501154,0.000998313,0.2664021,-20,16.389692,69.3058,0.59388655
0,0.002862596,0.55310017,0.005085823,-13.224135,0.32196355,-4.00E-06,1.9009489,17.327414,0.7747897,-0.000533847,0.98602736,-20,9.998994,83.59358,0.5992595
0,0.15981531,0.50565815,0.086186364,-16.471329,-0.5555085,-4.69E-07,1.8198785,14.212133,0.96214503,0.003133922,1.3725853,-20,5.277942,62.89218,0.5834171
0,0.834689,0.51123863,0.06046845,-15.530754,-0.2203715,-9.48E-09,1.2983377,7.5355945,0.9174554,0.005759771,0.46220782,-20,13.169604,59.967945,0.60552925
0,0.08872252,0.5218153,0.12352754,-28.227686,-0.17610244,-1.12E-07,1.7006763,3.8921616,0.9153443,0.002804644,0.91093105,20,1.5637194,60.37037,0.6307243
0,0.07281115,0.51208264,0.017042607,-33.64425,0.026813105,-1.71E-05,2.4887357,11.696127,0.9831863,-0.005109133,0.46588305,-20,8.941139,80.06172,0.61538416
0,0.12012945,0.507312,0.055375855,-28.818449,-0.20220263,-1.12E-06,2.8646343,8.810298,0.9416046,0.003248466,1.0702636,-20,7.1139812,76.29346,0.6345896
0,0.37184873,0.5111011,0.03674265,-15.78701,-0.09656733,-2.68E-05,1.7665308,5.7990136,0.9429968,-0.002001772,0.2852619,20,4.422616,63.492928,0.6772766
0,0.060229134,0.5013089,0.024370298,-23.32515,-0.0017549,-1.36E-05,2.4437642,13.177157,0.93846434,-0.000111227,0.55376863,20,16.660599,82.79008,0.54046416
0,0.004419244,0.5067945,0.012253064,-28.20357,-0.7998444,-2.79E-07,3.6499276,19.934666,0.9951501,0.002154178,1.4002589,-20,142.00714,63.336193,0.62903684
0,0.20476307,0.5033129,0.07750797,-13.472691,-0.31834704,-1.69E-07,1.9773145,9.952954,0.9510409,0.003883957,1.048279,-20,7.1145477,72.17949,0.60880333
0,0.17729458,0.508464,0.022978902,-22.93118,-0.2796506,-1.74E-08,1.6874032,2.4513655,0.9950229,-0.00466762,0.71170694,20,4.454829,54.582634,0.60572994
0,0.062997825,0.5066345,0.06944779,-29.008389,0.003690892,-2.30E-06,2.6280499,16.326628,0.9043467,0.007654091,0.77835065,-20,28.990788,101.36758,0.6399976
0,0.1714432,0.5153453,0.059304703,-28.94879,-0.64291584,-6.02E-07,2.1005316,10.32341,0.9750061,0.003565124,0.63799816,20,10.620236,83.33759,0.6211458
0,0.05199406,0.50314176,0.035065677,-24.235605,-0.63064915,-7.57E-07,2.386609,20.114832,0.9537765,0.00075293,3.354434,-20,13.872606,71.58923,0.5513177
0,0.4179341,0.5129829,0.24620253,-13.066768,-0.2601213,-2.22E-08,1.1870933,2.3593092,0.92082995,0.004807551,0.5428265,-20,0.9862158,54.106255,0.5674123
0,0.022621185,0.50771713,0.019913886,-29.163588,-0.62623566,-5.78E-06,2.6550756,12.301112,0.8826485,0.009217182,0.48715365,-20,10.7314415,70.61009,0.49823886
0,0.07070944,0.50245786,0.508542,-21.798656,-0.7713268,-5.48E-07,1.9005946,2.5743275,0.96608955,0.002553588,2.7571237,-20,2.7447364,61.499104,0.5589482
0,0.08628927,0.48400638,0.14889307,-27.578276,-0.5879643,-1.28E-06,2.6569033,16.7976,0.9512868,0.004399656,0.88928664,20,8.571,85.76441,0.68704534
0,0.19937041,0.51059365,0.020759068,-13.174433,0.24765597,-1.39E-06,1.4707716,13.203908,0.9559467,-0.000757956,0.46379766,-20,6.393636,77.20225,0.6852455
0,0.15121529,0.51145434,0.009195004,-28.411137,-0.3660801,-2.41E-05,2.4203808,14.872678,0.971148,-0.001687988,0.6053351,-20,11.67068,94.922264,0.5470659
0,0.023977665,0.5077984,0.128344,-25.52877,-0.39750198,-1.47E-06,2.0772302,9.69572,0.9976753,-0.004651828,0.30206433,-20,13.4183655,60.262302,0.6414271
0,0.19379015,0.5048163,0.40620542,-16.42774,-0.43035227,-1.13E-06,1.854813,5.392178,0.9315855,0.002138427,0.47064528,19.999992,4.1939583,66.74822,0.61358064
0,0.08094389,0.49759978,0.35623202,-38.71044,-0.23638186,-1.47E-07,2.2925198,26.06768,0.9284386,-0.003076427,0.5311323,20,22.203743,79.092514,0.67287296
0,0.08886845,0.50137967,0.0799154,-30.471645,-0.16935918,-1.04E-06,2.9060504,8.719494,0.9786621,-0.00034289,0.94772214,-20,11.707457,71.30501,0.53922933
0,0.18402688,0.5138207,0.0580945,-31.979408,0.24882102,-6.07E-06,2.1924965,12.65179,0.96850646,0.001802921,0.263226,20,10.426297,72.71177,0.7474375
0,0.14625198,0.49679032,0.032258064,-34.2308,0.023933869,-2.90E-06,2.5809608,18.918255,0.9352555,0.001297471,0.6088509,-20,15.275279,80.66339,0.5996271
0,0.012268781,0.5073585,0.090154655,-24.992817,-0.6024957,-1.70E-06,3.252652,14.460724,0.98372716,0.005783217,0.88849294,-20,14.376084,62.97729,0.634159
0,0.11007871,0.50426227,0.11068619,-23.75518,-0.16796085,-1.11E-07,1.879302,9.43093,0.9743483,0.003503117,0.7391849,20,8.034763,57.757984,0.67351955
0,0.2874359,0.50051254,0.61449796,-3.2750826,-0.22725758,-1.05E-07,1.232495,2.1928685,0.81826687,-0.004195187,0.3022511,-20,2.404866,45.99647,0.7043036
0,0.016586643,0.5126527,0.016136067,-18.488447,0.077475645,-4.76E-07,1.8738718,15.09759,0.9950977,0.001347927,0.31580088,-20,10.651777,56.37377,0.47261706
0,0.061482042,0.5084654,0.076549865,-30.791414,-0.5706894,-6.16E-06,2.4056401,16.853592,0.9207548,0.002427757,1.0429809,-20,9.104935,72.00945,0.5880369
0,0.023608768,0.5048707,0.26727852,-19.54526,-0.15564667,-3.17E-07,1.8985039,8.862282,0.9956902,0.003897568,0.9015751,-20,7.0265965,51.72753,0.60849196
0,0.083410054,0.50524575,0.035878565,-29.862352,-0.6817282,-2.79E-07,2.648783,17.682512,0.95381814,0.001016468,0.7547373,-20,13.650934,78.82132,0.6126731
0,0.13002641,0.49691993,0.102902375,-27.540619,0.8101475,-1.61E-06,1.5352452,13.611324,0.9714686,0.006671411,0.6161691,-20,6.944472,62.029556,0.5779508
0,0.007142857,0.5071402,0.001647145,-26.59931,-0.006040575,-2.54E-07,2.738316,12.804008,0.99032915,-0.005138577,1.5997943,19.999996,12.080589,73.24347,0.5966638
0,0.01274671,0.5024661,0.2082991,-27.753231,-0.35594994,-6.84E-08,2.6323264,11.000156,0.9664356,0.003298749,1.6448829,-20,12.728377,68.6677,0.72107345
0,0.08774539,0.50654244,0.038949456,-23.109455,-0.2619226,-5.94E-06,2.4783287,12.3286,0.91971755,0.000273269,0.64306164,20,9.316544,88.339226,0.63518125
0,0.8762421,0.51609993,0.06676692,-28.413902,-0.33839455,-3.17E-05,1.5668474,7.4762993,1.0111498,0.00152489,0.26258245,-19.99918,6.467061,73.87151,0.57911533
0,0.12899373,0.5095034,0.07581335,-35.842087,0.013118129,-2.24E-06,2.4152844,21.031092,0.9787637,-0.00017225,0.64797294,-20,14.1220045,112.44678,0.5986342
0,0.31455526,0.51131463,0.067312874,-26.226538,-0.47618973,-1.58E-06,1.718054,7.710898,0.99665684,-0.007173644,0.49967194,-20,5.7611365,64.349655,0.6851929
0,0.13881457,0.48590535,0.015428924,-13.828063,0.44506514,-2.34E-06,2.56558,15.22428,0.90136415,-0.001539846,0.52963084,-20,8.066471,98.064804,0.53137016
0,0.14758335,0.5117541,0.04854118,-23.381247,0.013055898,-9.48E-06,1.9444599,16.005213,0.9837163,-0.009098428,0.34981325,20,9.197785,65.03806,0.49169186
0,0.042531542,0.50589913,0.052257016,-18.006474,-0.1589951,-9.17E-07,2.3274486,14.714403,0.9685405,0.002837961,1.0932009,20,11.842888,67.55345,0.59905857
0,0.06145991,0.50359166,0.54591835,-33.091698,-0.61939675,-2.24E-07,2.0250595,12.064485,0.9996819,-0.006826306,1.0597229,-20,9.395993,71.0763,0.5851598
0,0.002632012,0.5037001,0.01216505,-17.038784,-0.09027186,-1.26E-08,4.688252,15.70206,0.99090856,0.005083719,7.57125,-20,21.74044,55.282726,0.5836328
0,0.001430615,0.5085015,0.019539317,-28.25758,-0.7628737,-1.78E-06,8.36387,18.435024,1.0327916,0.002052794,0.049999997,-20,29.397558,82.8503,0.51271856
0,0.21927075,0.48919678,0.034295134,-25.01437,0.18174008,-1.05E-05,2.1025968,14.050099,0.8756466,0.002015556,0.65524644,20,8.702208,83.35693,0.62375367
0,0.4276423,0.51413715,0.02143553,-23.79531,0.50522524,-1.65E-06,1.8983666,18.220161,0.8979522,0.006344852,0.2989198,20,7.7826943,63.520832,0.56559235
0,0.00639284,0.49768335,0.09599105,-25.505838,0.029614981,-2.57E-08,1.9446505,4.3054276,1.0000393,0.001430136,0.67483634,20,7.425236,61.838833,0.6307576
0,0.05032737,0.49985343,0.2983296,-18.855835,-0.47622263,-1.64E-07,2.6591601,15.717431,0.9549554,0.002511099,1.0801351,20,10.459891,73.56681,0.5619496
0,0.75756305,0.50812095,0.1612542,-27.925169,-0.3796439,-2.22E-06,1.9749817,13.6957,0.9833678,-0.00250332,0.67254704,-20,7.308358,79.762375,0.58880514
0,0.022012873,0.50573534,0.04969697,-23.363018,-0.5720325,-4.40E-06,2.0321796,9.923516,0.99145854,-0.002123431,0.7678351,-20,11.491123,60.141655,0.5342548
0,0.23483285,0.5101073,0.12597938,-17.05085,-0.4413346,-3.71E-07,2.0725715,18.509253,0.984616,0.001433605,0.27385417,19.991188,9.055953,63.180706,0.62607276
0,0.15149848,0.49051937,0.20708597,-24.606674,-0.5167137,-5.76E-06,2.4328249,22.414646,0.9193768,0.009088961,0.5734593,20,24.530003,94.1444,0.6009977
0,0.02898019,0.5143014,0.018328445,-24.707207,0.17442718,-1.57E-06,2.161161,11.159987,0.9820503,-0.004142711,0.4067927,20,9.9539995,74.68238,0.64151055
0,0.116472036,0.51454324,0.3386238,-16.293278,-0.038852923,-1.64E-07,1.9988688,3.5616107,0.9861685,0.002010068,0.4588767,-20,1.6504996,53.728275,0.64935607
0,0.08213276,0.5054516,0.044946846,-23.51437,0.014182596,-3.07E-08,2.2298,4.8452,1.0020232,0.001612652,1.4869288,20,5.7896094,64.024666,0.568547
0,0.00173377,0.49778548,0.030606352,-29.586079,-0.56395745,-9.20E-06,7.137136,28.43163,1.0046278,0.003550654,7.6855555,20,53.20551,85.59635,0.5028676
0,0.38067695,0.5044968,0.040025685,-32.585243,-0.4536872,-4.01E-07,1.9797722,22.774473,0.9565836,0.001843938,0.4977387,-20,8.401609,89.63659,0.64539057
0,0.88178086,0.508127,0.03234624,-34.01866,-0.67880034,-1.34E-05,1.8839892,8.399425,0.9410226,0.004700219,0.42791682,-20,8.025436,71.4291,0.5895694
0,0.03598311,0.5195449,0.0177949,-44.401054,-0.6899412,-1.16E-06,2.2450945,18.277689,0.98055345,0.002725116,0.7091111,20,21.886377,68.60968,0.58826447
0,0.07922564,0.50642383,0.1854983,-26.299904,-0.7276075,-1.12E-05,2.2073154,14.286607,0.926514,0.001456256,0.6155447,-20,9.450274,84.0524,0.59836614
0,0.07870859,0.50179285,0.047860004,-36.963165,0.3391384,-5.33E-06,2.7024958,16.358698,0.90569013,0.011702944,0.7812297,20,14.959458,77.15912,0.58499426
0,0.13002428,0.5149636,0.026138507,-27.244154,-0.72957975,-3.16E-07,2.0596633,9.392843,0.98438716,-0.003599231,0.5812818,-20,6.8689203,66.74867,0.60009485
0,0.001625776,0.5045804,0.028064992,-17.192818,0.1309067,-5.07E-08,1.6763822,5.9674397,0.9858654,0.001833147,0.23411685,20,3.7682571,52.697372,0.5165416
0,0.16670097,0.4994857,0.19514702,-32.57312,0.41903803,-4.83E-07,2.3577209,17.581554,0.9601725,0.004718675,0.98358935,-20,5.9441,63.99018,0.65792567
0,0.007013852,0.509553,0.013316979,-19.677921,-0.3913454,-3.58E-07,3.4804242,9.604701,0.99021256,0.001311516,1.0976032,-20,16.451881,56.69695,0.5802568
0,0.002877698,0.5150992,0.108077034,-23.84219,-0.19783455,-1.15E-06,18.487442,23.454866,0.96194637,0.004916075,0.049999997,-20,520.15283,70.74042,0.6405388
0,0.052897163,0.50121784,0.24560793,-22.920153,-0.19452336,-7.78E-06,2.1812823,20.896723,0.9826509,-0.001195792,0.4553719,20,15.6451645,61.67016,0.59478915
0,0.023891691,0.50835764,0.12012729,-27.264355,-0.114135124,-2.79E-06,2.221846,11.916017,0.9581251,-0.00242088,1.7210995,-20,9.906489,71.97747,0.6841014
0,0.10415059,0.5067099,0.017424827,-31.29411,0.1864252,-2.33E-06,2.2635832,15.192389,0.95656806,-0.000950733,0.80886364,-20,10.445272,63.35397,0.5261997
0,0.2548661,0.50540495,0.05436409,-29.334972,-0.6148863,-8.97E-07,1.7368022,15.702037,0.90487933,0.003374639,0.94737554,20,7.5057683,70.47677,0.6203323
0,0.28952703,0.51451725,0.27024293,-30.917263,-0.00122122,-7.91E-07,1.4643997,10.322377,0.95786375,0.004477499,0.8168361,19.989134,8.403054,59.90901,0.6768974
0,0.10477403,0.49993637,0.09797684,-18.751068,-0.9302565,-1.14E-06,2.624467,12.543265,0.9849489,0.004990338,0.7803726,-20,10.000786,69.79481,0.6097651
0,0.26465437,0.49729055,0.1098608,-22.280066,-0.19877873,-4.38E-05,2.4603405,18.544382,0.9188081,0.000356432,0.34976032,20,11.206633,106.96658,0.67787546
0,0.014258318,0.5072947,0.036425773,-15.965158,0.74976206,-2.31E-06,1.9401953,10.698472,0.99362886,0.000779744,0.21110088,20,7.7778363,50.925793,0.652594
0,0.042783156,0.50506413,0.025421822,-17.136002,-0.052147463,-3.56E-07,2.3337278,11.296162,0.98325527,0.00210969,0.42700025,19.998545,7.3820696,71.956375,0.60989094
0,0.16524217,0.49902564,0.066836506,-31.39257,0.3918507,-1.64E-06,2.1369019,15.37107,0.9849165,0.002796921,0.5122351,-20,13.806518,66.25069,0.6553856
0,0.15149167,0.50464755,0.021486644,-22.273111,-0.92613137,-7.00E-07,2.1632051,14.013061,0.91534936,-0.001139278,0.7177976,19.998426,7.386494,75.18983,0.641731
0,0.005090809,0.5037139,0.19430692,-25.182096,-0.049524102,-1.98E-07,1.674499,5.661471,0.99157715,-0.002787037,0.60245484,20,3.9846509,55.50318,0.6812916
0,0.38825065,0.5224426,0.117110066,-32.17177,-0.46617115,-6.62E-06,1.6569091,3.8552582,0.8601359,0.007616042,0.29024622,-20,2.8981812,63.171116,0.5162294
0,0.054176517,0.5141788,0.061614174,-34.146538,-0.36816567,-1.64E-06,2.0168,14.767075,0.94690865,0.002262254,0.8854346,-20,12.8749485,82.852425,0.5495235
0,0.07377345,0.49711505,0.0443403,-36.179535,-0.19845025,-1.61E-05,2.43619,20.814573,0.93376106,0.002423681,0.45889178,-20,29.220583,91.727585,0.6033975
0,0.27086383,0.50687736,0.5855513,-3.3479261,-0.19670574,-7.61E-08,1.2382959,2.5525644,0.8041237,0.002499901,0.3056785,20,2.258786,45.879482,0.62305075
0,0.10892757,0.5053329,0.024245145,-21.097687,-0.513359,-2.53E-06,2.4801276,17.91367,0.97209716,-0.003356745,0.77626026,-20,11.767925,91.75667,0.6594422
0,0.36179948,0.5150476,0.22839741,-25.726398,-0.3927423,-1.10E-05,2.2800946,17.275675,0.87644726,0.007641727,0.44057262,20,11.131603,93.20496,0.6130823
0,0.003657422,0.5047213,0.065449014,-25.83646,-0.2842347,-3.11E-07,8.3002405,34.85612,0.94565713,-0.005523853,4.5318027,-20,79.53619,87.0588,0.6029172
0,0.3813448,0.50973135,0.04321356,-31.6733,-0.14691833,-5.39E-06,1.974908,16.24955,0.9738219,-0.004681725,0.39758566,-20,19.202818,78.02878,0.5782165
0,0.20920044,0.50164247,0.037903666,-26.913965,-0.8340728,-0.000100861,1.6010773,6.498674,0.96227664,8.49E-05,0.41270733,-20,2.4089494,66.9935,0.5890207
0,0.16968739,0.5130731,0.10930091,-32.14123,-0.5093454,-6.08E-06,2.1355865,17.048773,0.91831523,0.001914856,0.685089,20,8.9267645,72.94871,0.6678846
0,0.13671616,0.50310147,0.31572536,-20.497736,-0.6588038,-3.01E-06,2.223914,7.8333488,0.96488243,0.00192507,0.7059512,-20,3.4341955,78.41404,0.61444557
0,0.046532046,0.5028213,0.006894823,-22.897575,-0.3847793,-7.48E-09,1.2791309,2.1573915,0.99209243,0.001802029,0.5177211,-20,2.3689842,49.02112,0.59223974
0,0.278329,0.50029176,0.10327582,-28.621891,0.028136289,-3.78E-05,2.0558367,14.442667,0.9109228,0.000322847,0.26017907,-20,10.46252,103.67687,0.5910345
0,0.09033005,0.4837963,0.15991902,-25.844183,-0.62128395,-5.36E-06,2.5571706,11.741682,0.8846678,-0.019000938,0.37516928,20,12.512612,96.776985,0.6482128
0,0.19370404,0.5096463,0.03328742,-29.970072,-0.4638255,-4.94E-06,2.0875723,13.573487,0.97677535,-0.000583276,0.42829314,-20,7.1429067,67.96761,0.68449825
0,0.011935764,0.50032544,0.021366594,-17.523674,-1.2971034,-4.92E-07,3.6943417,15.076881,0.9620246,0.001296461,2.8593602,-20,20.95811,65.71573,0.60360223
0,0.04787018,0.5196675,0.24766923,-16.060266,-0.3416116,-1.15E-07,1.7901115,8.677558,0.9946651,0.001138523,0.3899017,-20,8.145781,61.377052,0.6080105
0,0.08243778,0.50805765,0.034341436,-17.531837,-0.60241586,-2.97E-07,1.7114999,9.123649,0.9986232,0.002376007,0.14817652,20,5.9006925,55.334755,0.56439394
0,0.021991085,0.5123255,0.05342832,-21.52318,-1.0618529,-3.74E-07,2.5997765,13.872429,0.9877554,0.000177036,1.7270788,-20,17.66196,62.442257,0.56829005
0,0.03455194,0.5153743,0.031403117,-27.185585,-0.72541136,-6.50E-07,2.344283,15.294027,0.9277428,0.003206901,0.8886733,-20,23.674608,80.17235,0.55383164
0,0.0573539,0.5131379,0.020837855,-24.823357,0.16543315,-4.77E-07,2.0484185,12.131156,0.9922499,0.000809646,0.96117187,-20,13.325423,65.64457,0.63899857
0,0.01422991,0.5057183,0.041411042,-21.374388,0.32718924,-2.48E-07,2.1289358,16.86095,0.96668047,0.003874026,0.9532294,20,20.93508,64.73643,0.7163141
0,0.10175838,0.49951172,0.021477384,-19.688923,-0.12698954,-1.25E-06,2.0465975,16.771593,0.9524412,0.006456958,1.9491138,-20,14.786478,63.49628,0.64424753
0,0.002076255,0.50849056,0.08619389,-20.541027,-0.37097448,-2.97E-07,2.6535666,11.09806,0.9905629,-0.005371993,1.5497746,20,36.927193,66.989235,0.62286055
0,0.051145278,0.5095641,0.098088376,-33.6173,-0.20821263,-8.33E-06,1.9583149,16.237518,0.9423805,-0.002335904,1.002241,-20,9.248352,85.12431,0.59000826
0,0.14566593,0.5081183,0.03485392,-28.27107,-0.10313989,-6.87E-07,2.0806942,14.414181,0.96815777,-0.002270559,0.50221515,20,8.756357,67.743996,0.7113043
0,0.035588663,0.5125129,0.083936326,-29.988022,-0.71575046,-7.04E-07,1.8881251,15.646104,0.9524056,0.006930293,0.9770503,-20,23.775347,81.75717,0.59649783
0,0.004064008,0.5069815,0.13143872,-23.576326,-0.47843346,-1.89E-06,2.9779136,9.128651,0.9794785,0.000353793,0.5020777,-20,14.363542,67.97691,0.58865947
0,0.21953718,0.5022625,0.024498506,-23.165392,0.21477076,-2.26E-07,2.0504708,7.761944,0.9939062,0.000863356,0.4590025,-20,5.338924,67.78107,0.64313316
0,0.090403706,0.5027127,0.17012833,-36.259182,-0.6968019,-2.88E-06,2.712431,14.0582075,0.8549753,0.005092634,1.2097588,-20,8.2804365,74.64795,0.6066062
0,0.04722156,0.49177593,0.00571837,-37.385193,-0.45359167,-2.89E-06,2.6010082,16.7996,1.0409352,-0.00716531,1.3457235,20,15.573208,101.465675,0.61224264
0,0.009116887,0.49707523,0.12158303,-24.186867,-0.026805095,-3.25E-06,2.5156727,12.9355345,0.9658047,-0.001484914,0.69278795,-20,12.544501,87.58731,0.59523475
0,0.055372447,0.5049418,0.022832053,-32.48985,0.017457426,-8.15E-07,2.1464756,13.507639,0.98213494,-0.000315618,0.7307257,20,15.177526,73.13003,0.6639871
0,0.35023043,0.51448953,0.045461297,-24.924385,-0.32430506,-0.000208214,1.8585602,13.443595,0.9357862,0.00194829,0.24697402,20,8.196752,70.914665,0.6092727
0,0.006296296,0.5029619,0.027942264,-20.047878,-0.6360505,-4.59E-08,2.921053,22.828344,0.95901775,0.002302056,0.91405225,-20,30.278679,62.94035,0.73257834
0,0.001598977,0.5054348,0.060083095,-24.329796,-0.12475883,-3.35E-06,6.03687,13.121468,0.9607672,-0.009168056,1.9332627,-20,33.81543,68.43272,0.63467526
0,0.09056806,0.5064286,0.034094967,-28.455992,0.051354773,-3.24E-06,2.3492935,15.500072,1.0236198,-0.000729805,0.45157418,20,11.12433,85.68204,0.5363216
0,0.041271497,0.5045327,0.042921137,-21.464546,-0.41808727,-2.25E-05,2.030134,10.083736,0.94078416,0.000287803,0.35894156,-20,8.521577,68.398026,0.5293821
0,0.035124358,0.5052192,0.062227283,-22.014637,-0.8053016,-2.40E-07,2.305479,11.583862,0.9675951,0.002171643,0.57539606,20,20.830826,67.52971,0.6004673
0,0.005780347,0.5087967,0.10001284,-23.476974,-0.022438852,-4.99E-06,2.0829802,11.6589985,0.98321885,0.000790398,0.59603816,-20,10.449972,64.19661,0.5663442
0,0.06412214,0.50316113,0.015907604,-18.61404,0.049597066,-1.42E-07,1.5511076,9.970965,0.94606626,0.001150955,0.14314081,-20,9.811019,65.48523,0.5264522
0,0.1508778,0.50477844,0.29112384,-27.767582,0.33714586,-3.01E-06,2.4888365,16.321512,0.97830784,-0.0046823,0.6018072,20,13.192575,101.77143,0.58663416
0,0.07295923,0.4973739,0.04876219,-19.616152,-0.40477395,-1.99E-05,2.1103346,12.536183,0.9805718,-0.000917467,0.45464647,-20,11.301908,69.412125,0.6752554
0,0.124022745,0.5099432,0.085521646,-16.594215,-0.7680075,-1.41E-07,1.9642056,8.556473,0.88519704,0.004751035,0.98146504,20,5.130094,57.622528,0.67946285
0,0.30783468,0.5095561,0.13000616,-21.279781,-0.15828712,-1.92E-08,1.4959568,2.7412293,0.9522779,-0.005575516,0.24300613,20,2.8761666,60.239456,0.6881427
0,0.0713326,0.5141043,0.051153705,-15.033149,-0.1880977,-1.03E-07,2.4042778,8.42467,0.9661655,-0.000919524,1.3524237,20,6.0837717,65.99043,0.697776
0,0.42348486,0.5026505,0.027062831,-26.397942,-0.06770151,-6.20E-05,1.9475771,11.41578,0.9415753,-0.008622961,0.20228012,20,7.481837,81.510704,0.5902176
0,0.16892502,0.49172434,0.039398495,-38.94336,-0.32586277,-0.000190089,2.177569,13.333844,0.9195388,-0.009466174,0.3951327,-20,7.6203704,87.44364,0.62085485
0,0.1702009,0.4921962,0.21213809,-36.44443,0.12410498,-6.33E-06,2.3768027,22.85367,0.95304924,-0.04250718,0.31224623,20,21.034027,115.45819,0.6389408
0,0.18635607,0.5144962,0.13150392,-18.404024,0.028600486,-6.19E-07,1.632133,12.218857,0.9688543,0.002351307,0.38937637,-20,6.632052,64.74525,0.5871508
0,0.118164435,0.50688076,0.025028659,-24.634886,0.45547342,-1.66E-06,2.6711717,11.241316,0.9765192,-0.001763611,0.6495556,-20,11.231511,63.2364,0.60052395
0,0.22808269,0.5092593,0.0886121,-29.316229,0.23914692,-3.12E-06,2.1571712,14.83917,0.9694262,-0.018987747,0.4956349,-20,12.568312,70.96261,0.66850555
0,0.043761637,0.506383,0.009040149,-29.232117,-0.34639886,-2.06E-06,2.260822,19.895464,0.89962184,0.002755734,1.7366132,-20,14.946731,64.545654,0.5017031
0,0.18611215,0.49303988,0.12598722,-22.367361,-0.61220586,-6.49E-06,1.8328388,13.178792,0.9645167,0.005701928,0.8155004,-20,12.132232,68.227844,0.5529747
0,0.006328182,0.508901,0.17782027,-15.277846,-0.5544913,-9.06E-09,1.8557158,2.083573,0.9955133,-0.001900515,1.364077,-20,3.553163,55.749218,0.7586373
0,0.20238414,0.50468665,0.0686747,-20.187614,-0.49990615,-5.63E-06,1.8729193,8.591349,0.9541934,0.000923007,0.90172154,20,5.37506,64.94042,0.675299
0,0.16760722,0.5050771,0.031015038,-32.260414,0.003927676,-1.99E-05,2.0651963,10.930146,0.9965357,-0.002816042,0.43002298,20,8.809462,90.46538,0.57476
0,0.09928381,0.4899621,0.12687719,-18.966667,-0.28673422,-1.07E-06,2.147461,10.302363,0.9803139,0.006412707,0.71392566,-20,10.460764,55.490856,0.5704744
0,0.1889591,0.4985171,0.06316875,-25.075623,-0.3951546,-6.74E-07,2.2032917,10.660645,0.9822833,-0.005954201,0.53028256,-20,7.239371,93.508705,0.60470396
0,0.03918953,0.49620676,0.060098357,-15.379739,-0.42811215,-2.65E-06,1.855027,18.193295,0.99215347,0.000621666,0.50461113,20,17.079435,67.53852,0.565566
0,0.1376923,0.48731744,0.16167435,-24.888504,-0.2891841,-5.78E-07,2.8825862,19.834217,0.9242639,-0.010368702,0.79181945,-20,11.122023,90.42481,0.6776759
0,0.00202977,0.5146104,0.12185556,-19.125607,-0.24400179,-6.66E-08,2.7388883,7.3029847,0.98507434,0.002754494,2.7516909,20,14.087373,54.545372,0.6822184
0,0.048902325,0.5034827,0.056234397,-22.784346,-0.21034317,-8.12E-06,2.3439548,8.347034,0.9483379,-0.001422934,0.34201872,-20,5.886021,92.39202,0.6293969
0,0.030937929,0.5032296,0.05184895,-26.740469,-0.657645,-1.24E-06,2.237779,12.247451,0.96755683,-0.002811649,0.8807353,20,11.628355,74.017746,0.6298588
0,0.094689116,0.508288,0.13710512,-16.550835,-0.26096186,-3.49E-06,1.6354408,10.969612,0.98607796,5.89E-05,0.5455541,-20,10.862566,63.131977,0.649004
0,0.047936242,0.5093352,0.014623707,-23.130024,-0.50206983,-1.54E-06,1.8795115,21.172043,0.9608507,-0.001886272,0.93842494,20,23.659014,66.283966,0.52878183
0,0.07098852,0.5044793,0.025328856,-18.175976,-0.6913952,-2.28E-07,1.8066097,8.239478,0.99723685,0.002054496,0.17509113,19.99076,5.5357356,58.065937,0.5111478
0,0.033393685,0.49889404,0.07839196,-20.609905,0.49322668,-2.84E-07,2.4380112,12.717075,0.94710135,0.006366319,0.803097,19.999992,23.099611,68.244194,0.5848165
0,0.73330414,0.5152112,0.020564428,-25.771288,-0.111109816,-7.41E-08,1.5916407,9.399301,0.8634353,0.000677874,0.146239,-20,5.0123024,58.555065,0.5792221
0,0.2863597,0.49973944,0.027261678,-22.585068,-0.2782701,-6.26E-07,1.6036832,13.060942,0.9486284,-0.000545746,0.32611832,-20,8.5152235,57.95422,0.58839756
0,0.001395998,0.50922626,0.09316385,-21.913824,-0.5823786,-2.06E-06,18.958809,10.9104185,0.97189593,0.003811964,7.800103,-20,743.7225,74.20538,0.55816364
0,0.11079764,0.49910256,0.2351961,-24.742107,-0.608982,-1.23E-05,2.3105028,12.332872,0.92109036,0.000375698,0.71218383,20,6.7550135,100.081696,0.69024825
0,0.08396554,0.4968505,0.03405732,-24.101795,-0.8961897,-1.29E-05,1.8391076,9.489863,1.0023141,-0.004251703,1.4888673,-20,6.7800655,58.932518,0.5929118
0,0.006861337,0.51188385,0.047679797,-24.603897,-0.11583368,-1.84E-06,2.339359,12.305033,0.99416375,0.004200195,0.73805434,-20,12.87887,66.92254,0.55581576
0,0.09496423,0.5076427,0.043880556,-31.25901,0.18513645,-4.11E-06,2.5609083,20.038471,0.9727898,0.004543941,0.7171238,20,19.190504,100.58904,0.6431247
0,0.069388226,0.5027171,0.034793664,-23.172379,-0.77288496,-4.76E-06,2.4421291,20.698828,0.9813626,0.002826568,0.70049185,-20,19.25285,89.540825,0.6209329
0,0.095253065,0.50267154,0.11574317,-24.836288,-0.5201088,-1.22E-08,1.9083991,2.2122755,0.99289525,0.002639306,0.43578097,20,1.5573399,65.09454,0.6604945
0,0.08897293,0.5200955,0.07100239,-28.596811,0.5331768,-9.89E-07,1.9875728,11.695403,0.986771,-0.001411063,0.50204796,-20,10.4908,67.30104,0.7411074
0,0.13522884,0.51987064,0.37690532,-22.121113,-0.8003795,-3.84E-07,1.8417075,4.2981887,1.0043998,0.005001322,0.4394882,-20,2.331576,58.325638,0.66046685
0,0.27732465,0.51304525,0.003056235,-31.73512,-0.42785066,-2.78E-05,2.1037335,15.370633,0.9777258,-0.001718178,0.6256927,-20,13.094631,84.98623,0.5457147
0,0.16581571,0.51033056,0.13001215,-14.392801,-0.96213514,-2.89E-07,2.216427,2.8298912,0.9469359,-0.00046233,0.76985174,-20,1.242336,67.98211,0.5989994
0,0.2858471,0.5033682,0.1604365,-17.432198,-0.22175758,-3.00E-06,1.1680994,4.436271,0.931412,-0.006861902,0.1798164,-20,4.0494285,51.499886,0.6040843
0,0.038901918,0.50475794,0.10312974,-19.85521,-0.59111506,-1.48E-07,2.632293,11.0666685,0.96620977,-0.000611867,2.2913666,-20,13.230869,69.96809,0.6495893
0,0.033755273,0.5049847,0.14929092,-14.549723,0.061444025,-8.23E-07,2.0392225,5.7879353,0.9821226,0.000338274,1.1283073,-20,3.247482,58.471172,0.69022477
0,0.0875191,0.5098299,0.04277421,-30.751987,-0.352997,-5.16E-07,1.928251,13.047171,0.9830456,0.002052506,1.0837992,20,11.998392,62.68506,0.5532277
0,0.027891856,0.4912761,0.015902873,-19.548203,-0.33699962,-1.05E-07,3.5868104,21.876406,0.95067626,0.002884504,1.2528759,-20,10.208725,70.59879,0.5673067
0,0.7793997,0.5071928,0.17892358,-30.552101,-0.6329443,-3.43E-06,1.6634463,9.690974,0.96347535,-0.00354869,0.46722797,-20,5.213788,62.477005,0.6674624
0,0.13846472,0.51918316,0.013195876,-23.620628,0.3949359,-3.74E-06,1.8855277,13.294992,0.9567804,-0.000850601,0.48380718,-20,8.22238,71.6522,0.57727855
0,0.20825642,0.50729746,0.058024485,-21.866707,-0.14133008,-7.79E-06,2.1656485,8.37556,0.90875995,-0.000399017,0.42582566,20,7.443052,78.61209,0.62264895
0,0.14493996,0.48657143,0.09594517,-24.049936,-0.24825136,-4.47E-07,1.838671,13.028625,0.94675237,0.002171156,0.4576167,20,7.510254,81.77105,0.622432
0,0.012744652,0.5047771,0.18303774,-14.658916,-0.18144813,-9.93E-08,2.6581218,12.083444,0.99646246,-0.012308764,1.8070242,-20,7.255978,56.53352,0.6217323
0,0.36649802,0.50702447,0.06783708,-14.498083,-0.9387493,-5.60E-07,1.7207822,5.340765,0.8737256,0.006533972,0.73771363,-20,5.6486764,56.194355,0.64598054
0,0.10545454,0.52171415,0.2226047,-32.17353,-0.23459412,-6.29E-07,1.7203295,6.7806067,0.91816986,0.010743359,0.38540342,-20,1.7992625,61.94141,0.6346263
0,0.24231128,0.51138026,0.09993347,-25.496773,-0.2476405,-4.65E-08,1.8036971,12.426012,0.9669494,-0.002936862,0.42594132,-20,6.1498094,64.28589,0.68221813
0,0.2003367,0.48710763,0.16685331,-18.184822,-0.4079594,-4.12E-06,1.8731929,12.424806,0.81557614,0.004855153,0.5404833,-20,5.260141,88.35416,0.6072277
0,0.17819811,0.4992536,0.021223677,-15.52598,0.24415721,-3.87E-07,2.200184,10.381156,0.9867089,0.000559669,0.575904,-20,7.6862307,62.346123,0.6301102
0,0.1907863,0.50096434,0.048915662,-19.139996,0.1624939,-6.91E-07,1.6760535,4.222469,0.95306504,0.002152675,0.44856465,20,6.1980014,63.80758,0.54349643
0,0.12018741,0.5049888,0.074699774,-21.457699,-0.32007125,-2.26E-06,2.1646252,14.588405,0.8963276,0.010641935,1.2732675,19.999985,23.999096,72.76244,0.6445453
0,0.24517046,0.49857995,0.16183986,-26.809849,-0.11896311,-5.09E-06,1.7845175,9.0176525,0.91059303,-0.002710019,0.52220815,20,11.0762615,66.25387,0.65447325
0,0.21690905,0.50874597,0.121644914,-23.71286,-0.41571108,-2.30E-06,1.7514619,4.804025,0.89740443,0.010660245,0.6670435,-20,4.4751635,60.919434,0.5487726
0,0.004373907,0.49662668,0.4545341,-22.844131,0.028123617,-6.06E-07,2.636253,13.745596,0.9761471,0.004302613,2.2275379,20,10.310454,61.96509,0.6937697
0,0.001793033,0.50460947,0.03981055,-20.439035,-0.20675932,-2.00E-05,2.216203,14.543484,0.98196507,0.001335923,1.4752278,20,12.01438,64.36836,0.57229143
0,0.053850498,0.49896482,0.019567262,-24.594654,-0.5651016,-3.77E-07,1.8522636,8.405268,0.9746503,-0.003475624,1.0919218,20,7.8181057,62.202778,0.72539836
0,0.13176244,0.502524,0.07870704,-24.208717,-0.28063455,-3.26E-06,2.5552187,11.3976965,0.9534423,0.001023198,0.7584298,-20,9.142709,71.278595,0.62870866
0,0.0077548,0.51052046,0.044464946,-17.786537,0.44015634,-2.21E-06,2.2861092,14.58538,0.983404,0.000373308,0.6449672,-20,16.975225,74.66585,0.6340601
0,0.11403659,0.5069219,0.05193918,-25.629074,-0.3961819,-2.05E-06,1.6345584,11.423114,0.95630354,-0.001297809,0.53895634,19.969542,10.501395,61.461205,0.70990056
0,0.000968523,0.50060517,0.026016457,-18.420246,0.20397006,-1.62E-05,19.838976,1.7605416,0.95722693,-0.000653607,0.049999997,-20,364.97397,94.54479,0.6073114
0,0.35589594,0.5123297,0.117865585,-35.373272,-0.77656454,-4.82E-07,1.7495035,13.35339,0.9489573,0.001563043,0.51774025,-20,8.238696,68.97345,0.57211316
0,0.19596247,0.498777,0.1609617,-16.511902,-1.0430349,-3.57E-07,2.0573244,11.153691,0.925824,0.00166441,0.4769632,20,6.4572334,66.97314,0.69257855
0,0.080318995,0.5041275,0.0458037,-21.684217,-0.2985868,-3.73E-06,2.224082,13.737771,0.937065,-0.001762531,0.6616343,-19.999994,19.615671,75.068344,0.5562706
0,0.64652777,0.50676847,0.13219987,-18.237755,-0.8476468,-5.76E-07,1.6657574,10.813111,0.9692687,-0.000945601,0.9456515,-20,8.429608,59.035442,0.5848112
0,0.17655213,0.5147015,0.24527368,-29.165625,0.18703249,-1.75E-05,1.9430563,12.456794,0.9616196,-0.00202424,0.3878643,-20,6.1239915,71.01774,0.6354494
0,0.1394011,0.4946173,0.0570544,-19.3314,-0.7471475,-1.42E-07,1.5180564,13.75673,0.9868951,-0.000569479,1.4221629,-20,7.249202,56.38904,0.6116285
0,0.031618003,0.5037897,0.085120104,-25.18953,-0.2938859,-1.66E-06,2.073921,14.971081,0.979755,0.008146132,0.48397806,-20,13.65081,65.935135,0.6594394
0,0.21093461,0.5023994,0.049428254,-13.828765,-0.28564915,-5.19E-08,1.3758512,8.232095,0.95788175,0.000938516,1.1115879,20,5.4619837,79.45961,0.6805032
0,0.18772931,0.49775878,0.17494908,-28.18571,-0.4891404,-2.25E-07,2.2271433,11.137718,0.9448916,0.004384707,1.1341754,-20,12.068384,74.11836,0.68002915
0,0.07746289,0.49608847,0.08654624,-22.118433,-0.40418756,-1.86E-05,2.0682845,14.896874,0.9523059,-0.000176926,0.43378407,20,16.268703,87.08238,0.6191896
0,0.074880056,0.5030832,0.0864726,-18.513485,-0.33351386,-5.77E-06,1.9095802,18.176435,0.9757901,-0.001586224,0.41393802,20,12.109111,70.98812,0.6281085
0,0.28431144,0.50175273,0.030366737,-18.595633,-0.6934742,-5.11E-06,1.7014251,9.054956,0.90968204,0.004122939,0.675856,-20,11.553402,69.66449,0.58432925
0,0.29091373,0.5153944,0.019969473,-26.441673,-0.5175681,-2.28E-05,2.0317674,11.5679655,0.9622342,-0.000628478,0.39829016,-20,11.269352,70.50365,0.5709086
0,0.4012189,0.50465393,0.08069701,-26.123127,-0.1432305,-2.19E-06,1.99447,11.90736,0.90800387,0.004288277,0.5570937,-20,8.625702,78.87276,0.6033203
0,0.20816045,0.50621974,0.2689917,-20.282942,-0.67611676,-1.35E-07,1.6323502,7.3368673,0.93386495,0.010273926,0.6310279,-20,4.3761563,55.96357,0.5256721
0,0.041359268,0.5126257,0.19946393,-24.24234,-0.5248333,-1.99E-06,2.0554512,20.364367,0.9652396,0.007110352,1.128953,-20,18.061129,74.140755,0.62462187
0,0.14544514,0.49612,0.1672699,-17.727411,-0.3857014,-3.17E-07,1.9312236,9.384848,0.5375372,0.001127777,0.60008186,-20,6.4650526,79.881386,0.5952738
0,0.09063587,0.49588868,0.042680997,-22.591139,-0.42351454,-1.59E-05,2.052607,23.238365,0.9606376,0.002372714,0.39007515,-20,13.98198,91.76831,0.51628345
0,0.08709267,0.502397,0.09204734,-17.27721,-0.28872046,-1.23E-07,1.9769394,8.433598,0.9202524,-0.000878236,0.53444844,-20,5.921265,85.0286,0.58324844
0,0.19852121,0.5146443,0.19255438,-27.879025,-0.5163309,-3.91E-06,1.7296258,10.682066,0.93040067,0.006394583,1.0611491,-20,6.4411483,74.35354,0.68926626
0,0.1504298,0.5140811,0.010734733,-20.102293,0.006995672,-4.96E-07,2.190295,9.056207,0.9768344,-0.004290315,0.34269795,-19.999998,7.8215423,62.47044,0.5742944
0,0.13762954,0.50955003,0.009223301,-26.254356,-0.09676295,-1.00E-06,2.623354,11.777774,0.98723,-0.001408413,0.9763365,20,8.353039,68.86015,0.68927264
0,0.16652927,0.499588,0.4013176,-24.197535,-0.39900976,-8.87E-07,1.9904495,16.921621,0.9642827,0.019021463,0.863705,19.992157,13.78079,82.12731,0.53464794
0,0.20634921,0.50479704,0.026558466,-17.707933,0.18956038,-3.44E-07,1.8201298,8.063977,0.9202916,0.003952304,0.84300375,20,10.43188,57.810497,0.52909845
0,0.01666021,0.5071659,0.019233251,-31.6218,-0.4303322,-2.63E-07,2.6078775,8.786257,0.9887081,0.003250309,0.79039,-20,27.196411,68.438156,0.6406919
0,0.14948657,0.49842054,0.010955389,-19.30689,-1.0771946,-3.05E-07,2.1247337,15.04565,0.9528844,0.001534672,0.80212146,20,11.402743,80.73018,0.5959226
0,0.0865598,0.5070249,0.06405519,-28.695082,-0.64196455,-7.37E-06,1.8816804,19.18161,0.8511527,-0.001514213,0.3595707,-20,23.421946,77.38204,0.67025226
0,0.26226735,0.51099086,0.23791821,-28.602173,0.1321378,-2.99E-06,1.7998923,21.747665,0.86362696,0.006132275,0.4090503,20,11.013418,82.08249,0.6170005
0,0.002633469,0.49688846,0.006101938,-22.036594,-0.76561296,-8.16E-06,2.4677238,12.128774,0.9405756,0.002270477,2.629361,-20,12.489016,70.13098,0.5934087
0,0.18488704,0.5037633,0.04150454,-26.368324,-0.085406184,-7.45E-06,2.134995,9.359836,0.9554568,0.011884339,0.38430583,-20,11.54799,87.13584,0.5836469
0,0.025988089,0.5017139,0.028494138,-22.65984,-0.62357,-2.08E-05,2.626716,13.288207,0.9760891,0.000117448,0.8658887,20,19.552809,81.18799,0.53377414
0,0.03654756,0.50905234,0.05984021,-40.85442,-0.5065609,-6.95E-06,2.5932844,11.50428,0.9620572,0.002482746,0.91697556,20,11.432418,99.99394,0.61571133
0,0.180583,0.5020993,0.0891358,-36.621685,-0.5698754,-3.23E-06,2.275034,24.674366,0.9329414,-0.001359303,0.5188988,-20,15.477653,94.8594,0.60818803